"year","from","to","bundesland","variable_x","variable_y","R-value","p-value","population_density"
"2020","2020-02-15","2020-05-25","Berlin","measure_index","retail_and_recreation_percent_change_from_baseline",-0.707002011365033,1.04408909683446e-148,4118
"2020","2020-02-15","2020-05-25","Berlin","measure_index","grocery_and_pharmacy_percent_change_from_baseline",-0.286252126821456,7.31298287525254e-20,4118
"2020","2020-02-15","2020-05-25","Berlin","measure_index","parks_percent_change_from_baseline",0.0892809913084999,0.00525083547290879,4118
"2020","2020-02-15","2020-05-25","Berlin","measure_index","transit_stations_percent_change_from_baseline",-0.705803282472912,5.4254358364042e-148,4118
"2020","2020-02-15","2020-05-25","Berlin","measure_index","workplaces_percent_change_from_baseline",-0.68586793954313,1.34137689366232e-136,4118
"2020","2020-02-15","2020-05-25","Berlin","measure_index","residential_percent_change_from_baseline",0.650892699162671,1.10538723529778e-118,4118
"2020","2020-09-11","2020-12-20","Berlin","measure index","retail_and_recreation_percent_change_from_baseline",-0.680573905839116,2.25787846314746e-155,4118
"2020","2020-09-11","2020-12-20","Berlin","measure index","grocery_and_pharmacy_percent_change_from_baseline",0.062483342093833,0.035229092678407,4118
"2020","2020-09-11","2020-12-20","Berlin","measure index","parks_percent_change_from_baseline",-0.420328805694863,7.54611440385535e-50,4118
"2020","2020-09-11","2020-12-20","Berlin","measure index","transit_stations_percent_change_from_baseline",-0.584772901561666,3.59843008275842e-105,4118
"2020","2020-09-11","2020-12-20","Berlin","measure index","workplaces_percent_change_from_baseline",-0.239068981333062,3.14658824578507e-16,4118
"2020","2020-09-11","2020-12-20","Berlin","measure index","residential_percent_change_from_baseline",0.652175422297857,1.40854484582945e-138,4118
"2020","2020-02-15","2020-05-25","Bavaria","measure_index","retail_and_recreation_percent_change_from_baseline",-0.635680468438462,1.3084762500559e-111,186
"2020","2020-02-15","2020-05-25","Bavaria","measure_index","grocery_and_pharmacy_percent_change_from_baseline",-0.280122968958488,4.69349438629259e-19,186
"2020","2020-02-15","2020-05-25","Bavaria","measure_index","parks_percent_change_from_baseline",0.117644892907438,0.000230114764960775,186
"2020","2020-02-15","2020-05-25","Bavaria","measure_index","transit_stations_percent_change_from_baseline",-0.687135220709658,2.69593269652618e-137,186
"2020","2020-02-15","2020-05-25","Bavaria","measure_index","workplaces_percent_change_from_baseline",-0.619385873006559,1.83925760779786e-104,186
"2020","2020-02-15","2020-05-25","Bavaria","measure_index","residential_percent_change_from_baseline",0.649055574362735,8.3046430284622e-118,186
"2020","2020-09-11","2020-12-20","Bavaria","measure index","retail_and_recreation_percent_change_from_baseline",-0.656089533054311,8.75246098243924e-141,186
"2020","2020-09-11","2020-12-20","Bavaria","measure index","grocery_and_pharmacy_percent_change_from_baseline",-0.241053265947474,1.75957799303046e-16,186
"2020","2020-09-11","2020-12-20","Bavaria","measure index","parks_percent_change_from_baseline",-0.485702133268133,2.69765625200088e-68,186
"2020","2020-09-11","2020-12-20","Bavaria","measure index","transit_stations_percent_change_from_baseline",-0.694230478768916,3.78907960781696e-164,186
"2020","2020-09-11","2020-12-20","Bavaria","measure index","workplaces_percent_change_from_baseline",-0.424299080962554,7.39049911377912e-51,186
"2020","2020-09-11","2020-12-20","Bavaria","measure index","residential_percent_change_from_baseline",0.695457206426707,5.83573831065348e-165,186
"2020","2020-02-15","2020-05-25","Hamburg","measure_index","retail_and_recreation_percent_change_from_baseline",-0.690948293765603,2.05236880414617e-139,2446
"2020","2020-02-15","2020-05-25","Hamburg","measure_index","grocery_and_pharmacy_percent_change_from_baseline",-0.20366562416934,1.34505054602166e-10,2446
"2020","2020-02-15","2020-05-25","Hamburg","measure_index","parks_percent_change_from_baseline",0.395998501263331,5.39486448346103e-38,2446
"2020","2020-02-15","2020-05-25","Hamburg","measure_index","transit_stations_percent_change_from_baseline",-0.701135928974743,3.06820993533558e-145,2446
"2020","2020-02-15","2020-05-25","Hamburg","measure_index","workplaces_percent_change_from_baseline",-0.614689373383798,1.76787285551798e-102,2446
"2020","2020-02-15","2020-05-25","Hamburg","measure_index","residential_percent_change_from_baseline",0.647905788796786,2.913198268618e-117,2446
"2020","2020-09-11","2020-12-20","Hamburg","measure index","retail_and_recreation_percent_change_from_baseline",-0.694329064146104,3.26132555054282e-164,2446
"2020","2020-09-11","2020-12-20","Hamburg","measure index","grocery_and_pharmacy_percent_change_from_baseline",0.0492681268472493,0.0969663026997521,2446
"2020","2020-09-11","2020-12-20","Hamburg","measure index","parks_percent_change_from_baseline",-0.458661716696373,3.55343126635101e-60,2446
"2020","2020-09-11","2020-12-20","Hamburg","measure index","transit_stations_percent_change_from_baseline",-0.66351726382897,4.59819194478265e-145,2446
"2020","2020-09-11","2020-12-20","Hamburg","measure index","workplaces_percent_change_from_baseline",-0.180320947239316,9.28750224532892e-10,2446
"2020","2020-09-11","2020-12-20","Hamburg","measure index","residential_percent_change_from_baseline",0.686329847287825,5.17953995380989e-159,2446
"2020","2020-02-15","2020-05-25","Saarland","measure_index","retail_and_recreation_percent_change_from_baseline",-0.583041308581775,6.01202471710174e-90,384
"2020","2020-02-15","2020-05-25","Saarland","measure_index","grocery_and_pharmacy_percent_change_from_baseline",-0.31176101043019,1.922920313193e-23,384
"2020","2020-02-15","2020-05-25","Saarland","measure_index","parks_percent_change_from_baseline",0.343038153329251,2.45477026115709e-28,384
"2020","2020-02-15","2020-05-25","Saarland","measure_index","transit_stations_percent_change_from_baseline",-0.702607854000369,4.21377028343433e-146,384
"2020","2020-02-15","2020-05-25","Saarland","measure_index","workplaces_percent_change_from_baseline",-0.619347244187053,1.91024310891563e-104,384
"2020","2020-02-15","2020-05-25","Saarland","measure_index","residential_percent_change_from_baseline",0.621808677166339,1.69252041307506e-105,384
"2020","2020-09-11","2020-12-20","Saarland","measure index","retail_and_recreation_percent_change_from_baseline",-0.618799497244161,5.11509741223307e-121,384
"2020","2020-09-11","2020-12-20","Saarland","measure index","grocery_and_pharmacy_percent_change_from_baseline",-0.0193072875986221,0.515635010647573,384
"2020","2020-09-11","2020-12-20","Saarland","measure index","parks_percent_change_from_baseline",-0.387365572579951,5.61976877844563e-42,384
"2020","2020-09-11","2020-12-20","Saarland","measure index","transit_stations_percent_change_from_baseline",-0.523565841901169,5.81453411747953e-81,384
"2020","2020-09-11","2020-12-20","Saarland","measure index","workplaces_percent_change_from_baseline",-0.0257012853539199,0.38679688970804,384
"2020","2020-09-11","2020-12-20","Saarland","measure index","residential_percent_change_from_baseline",0.621793794593851,1.65942017287601e-122,384
"2020","2020-02-15","2020-05-25","Schleswig-Holstein","measure_index","retail_and_recreation_percent_change_from_baseline",-0.57845847173056,3.02833369434819e-88,184
"2020","2020-02-15","2020-05-25","Schleswig-Holstein","measure_index","grocery_and_pharmacy_percent_change_from_baseline",-0.234281194989145,1.23278917626421e-13,184
"2020","2020-02-15","2020-05-25","Schleswig-Holstein","measure_index","parks_percent_change_from_baseline",0.126916335743804,7.00840265223046e-05,184
"2020","2020-02-15","2020-05-25","Schleswig-Holstein","measure_index","transit_stations_percent_change_from_baseline",-0.607426899913263,1.77218503260036e-99,184
"2020","2020-02-15","2020-05-25","Schleswig-Holstein","measure_index","workplaces_percent_change_from_baseline",-0.596680780220079,3.54195192466759e-95,184
"2020","2020-02-15","2020-05-25","Schleswig-Holstein","measure_index","residential_percent_change_from_baseline",0.604948785268785,1.798305162059e-98,184
"2020","2020-09-11","2020-12-20","Schleswig-Holstein","measure index","retail_and_recreation_percent_change_from_baseline",-0.703506387683236,2.1453321618273e-170,184
"2020","2020-09-11","2020-12-20","Schleswig-Holstein","measure index","grocery_and_pharmacy_percent_change_from_baseline",-0.285145580840196,1.07796860761106e-22,184
"2020","2020-09-11","2020-12-20","Schleswig-Holstein","measure index","parks_percent_change_from_baseline",-0.606056439527891,7.39307747953397e-115,184
"2020","2020-09-11","2020-12-20","Schleswig-Holstein","measure index","transit_stations_percent_change_from_baseline",-0.652603743527625,8.10768084244038e-139,184
"2020","2020-09-11","2020-12-20","Schleswig-Holstein","measure index","workplaces_percent_change_from_baseline",-0.0551901525226791,0.0629518428322963,184
"2020","2020-09-11","2020-12-20","Schleswig-Holstein","measure index","residential_percent_change_from_baseline",0.670239501261213,4.80856836862499e-149,184
"2020","2020-02-15","2020-05-25","Baden-Württemberg","measure_index","retail_and_recreation_percent_change_from_baseline",-0.632685724229458,2.90183855980536e-110,311
"2020","2020-02-15","2020-05-25","Baden-Württemberg","measure_index","grocery_and_pharmacy_percent_change_from_baseline",-0.276223812857811,1.49527357641949e-18,311
"2020","2020-02-15","2020-05-25","Baden-Württemberg","measure_index","parks_percent_change_from_baseline",0.237395401421195,5.70658998515616e-14,311
"2020","2020-02-15","2020-05-25","Baden-Württemberg","measure_index","transit_stations_percent_change_from_baseline",-0.690946816750274,2.05628064714924e-139,311
"2020","2020-02-15","2020-05-25","Baden-Württemberg","measure_index","workplaces_percent_change_from_baseline",-0.617252924095581,1.4767654246769e-103,311
"2020","2020-02-15","2020-05-25","Baden-Württemberg","measure_index","residential_percent_change_from_baseline",0.653798461245927,4.42333057892305e-120,311
"2020","2020-09-11","2020-12-20","Baden-Württemberg","measure index","retail_and_recreation_percent_change_from_baseline",-0.676592586511593,6.64367693533684e-153,311
"2020","2020-09-11","2020-12-20","Baden-Württemberg","measure index","grocery_and_pharmacy_percent_change_from_baseline",-0.205701777301356,2.55129071020383e-12,311
"2020","2020-09-11","2020-12-20","Baden-Württemberg","measure index","parks_percent_change_from_baseline",-0.479506276051479,2.27138921000502e-66,311
"2020","2020-09-11","2020-12-20","Baden-Württemberg","measure index","transit_stations_percent_change_from_baseline",-0.593678523917753,3.8963602147814e-109,311
"2020","2020-09-11","2020-12-20","Baden-Württemberg","measure index","workplaces_percent_change_from_baseline",0.0407045480802407,0.170378602287351,311
"2020","2020-09-11","2020-12-20","Baden-Württemberg","measure index","residential_percent_change_from_baseline",0.639457639913382,1.25143707454825e-131,311
"2020","2020-02-15","2020-05-25","Brandenburg","measure_index","retail_and_recreation_percent_change_from_baseline",-0.557013500007026,1.25677389310305e-80,85
"2020","2020-02-15","2020-05-25","Brandenburg","measure_index","grocery_and_pharmacy_percent_change_from_baseline",-0.183372590030587,7.90843648141445e-09,85
"2020","2020-02-15","2020-05-25","Brandenburg","measure_index","parks_percent_change_from_baseline",0.147291086778388,3.82174003340829e-06,85
"2020","2020-02-15","2020-05-25","Brandenburg","measure_index","transit_stations_percent_change_from_baseline",-0.612650694569805,1.25251620982052e-101,85
"2020","2020-02-15","2020-05-25","Brandenburg","measure_index","workplaces_percent_change_from_baseline",-0.555137629760481,5.48880088637253e-80,85
"2020","2020-02-15","2020-05-25","Brandenburg","measure_index","residential_percent_change_from_baseline",0.557430410515802,9.04510660367128e-81,85
"2020","2020-09-11","2020-12-20","Brandenburg","measure index","retail_and_recreation_percent_change_from_baseline",-0.645941447317373,3.94768532461249e-135,85
"2020","2020-09-11","2020-12-20","Brandenburg","measure index","grocery_and_pharmacy_percent_change_from_baseline",0.065350107112192,0.0276279659659507,85
"2020","2020-09-11","2020-12-20","Brandenburg","measure index","parks_percent_change_from_baseline",-0.567092240706621,1.18815141258926e-97,85
"2020","2020-09-11","2020-12-20","Brandenburg","measure index","transit_stations_percent_change_from_baseline",-0.542936196450711,4.35550947865614e-88,85
"2020","2020-09-11","2020-12-20","Brandenburg","measure index","workplaces_percent_change_from_baseline",-0.0020202255631887,0.945772897484141,85
"2020","2020-09-11","2020-12-20","Brandenburg","measure index","residential_percent_change_from_baseline",0.637581453969449,1.24394437816661e-130,85
"2020","2020-02-15","2020-05-25","Hessen","measure_index","retail_and_recreation_percent_change_from_baseline",-0.637650358200502,1.67221710317095e-112,298
"2020","2020-02-15","2020-05-25","Hessen","measure_index","grocery_and_pharmacy_percent_change_from_baseline",-0.283100003716973,1.91354204092908e-19,298
"2020","2020-02-15","2020-05-25","Hessen","measure_index","parks_percent_change_from_baseline",0.32267465254229,4.37483096021308e-25,298
"2020","2020-02-15","2020-05-25","Hessen","measure_index","transit_stations_percent_change_from_baseline",-0.760732842459651,4.95194797108511e-185,298
"2020","2020-02-15","2020-05-25","Hessen","measure_index","workplaces_percent_change_from_baseline",-0.640573127913051,7.68302164957315e-114,298
"2020","2020-02-15","2020-05-25","Hessen","measure_index","residential_percent_change_from_baseline",0.65057401589504,1.56991444356469e-118,298
"2020","2020-09-11","2020-12-20","Hessen","measure index","retail_and_recreation_percent_change_from_baseline",-0.662355580950333,2.18778251197581e-144,298
"2020","2020-09-11","2020-12-20","Hessen","measure index","grocery_and_pharmacy_percent_change_from_baseline",-0.00684966806231528,0.817614799616136,298
"2020","2020-09-11","2020-12-20","Hessen","measure index","parks_percent_change_from_baseline",-0.435245986896067,1.03670563234485e-53,298
"2020","2020-09-11","2020-12-20","Hessen","measure index","transit_stations_percent_change_from_baseline",-0.647485043711272,5.62638085138717e-136,298
"2020","2020-09-11","2020-12-20","Hessen","measure index","workplaces_percent_change_from_baseline",-0.0946666987739684,0.00140138042518242,298
"2020","2020-09-11","2020-12-20","Hessen","measure index","residential_percent_change_from_baseline",0.663216895871205,6.88705973003776e-145,298
"2020","2020-02-15","2020-05-25","Mecklenburg-Vorpommern","measure_index","retail_and_recreation_percent_change_from_baseline",-0.623839012192924,2.25540826397109e-106,69
"2020","2020-02-15","2020-05-25","Mecklenburg-Vorpommern","measure_index","grocery_and_pharmacy_percent_change_from_baseline",-0.236548575647038,7.04388799569864e-14,69
"2020","2020-02-15","2020-05-25","Mecklenburg-Vorpommern","measure_index","parks_percent_change_from_baseline",-0.145921362416591,5.63511204162031e-06,69
"2020","2020-02-15","2020-05-25","Mecklenburg-Vorpommern","measure_index","transit_stations_percent_change_from_baseline",-0.630050909984941,4.31127146880393e-109,69
"2020","2020-02-15","2020-05-25","Mecklenburg-Vorpommern","measure_index","workplaces_percent_change_from_baseline",-0.539084195365025,1.13582292519254e-74,69
"2020","2020-02-15","2020-05-25","Mecklenburg-Vorpommern","measure_index","residential_percent_change_from_baseline",0.519919810443312,1.08868487279955e-68,69
"2020","2020-09-11","2020-12-20","Mecklenburg-Vorpommern","measure index","retail_and_recreation_percent_change_from_baseline",-0.722535323686095,5.26537901105947e-184,69
"2020","2020-09-11","2020-12-20","Mecklenburg-Vorpommern","measure index","grocery_and_pharmacy_percent_change_from_baseline",-0.621140031038378,3.51897498568771e-122,69
"2020","2020-09-11","2020-12-20","Mecklenburg-Vorpommern","measure index","parks_percent_change_from_baseline",-0.648071779889734,2.67498168934188e-136,69
"2020","2020-09-11","2020-12-20","Mecklenburg-Vorpommern","measure index","transit_stations_percent_change_from_baseline",-0.701496429166434,5.07812481127821e-169,69
"2020","2020-09-11","2020-12-20","Mecklenburg-Vorpommern","measure index","workplaces_percent_change_from_baseline",-0.288605755392661,3.12440405052529e-23,69
"2020","2020-09-11","2020-12-20","Mecklenburg-Vorpommern","measure index","residential_percent_change_from_baseline",0.6780710648095,8.13223260479539e-154,69
"2020","2020-02-15","2020-05-25","Lower Saxony","measure_index","retail_and_recreation_percent_change_from_baseline",-0.582920320166186,6.67278839929821e-90,168
"2020","2020-02-15","2020-05-25","Lower Saxony","measure_index","grocery_and_pharmacy_percent_change_from_baseline",-0.277373566401906,1.06456274394935e-18,168
"2020","2020-02-15","2020-05-25","Lower Saxony","measure_index","parks_percent_change_from_baseline",0.222047274188542,2.2855003706653e-12,168
"2020","2020-02-15","2020-05-25","Lower Saxony","measure_index","transit_stations_percent_change_from_baseline",-0.640406790834343,9.16338686696498e-114,168
"2020","2020-02-15","2020-05-25","Lower Saxony","measure_index","workplaces_percent_change_from_baseline",-0.61046897441428,1.00212224676286e-100,168
"2020","2020-02-15","2020-05-25","Lower Saxony","measure_index","residential_percent_change_from_baseline",0.622785613682594,6.42935207889355e-106,168
"2020","2020-09-11","2020-12-20","Lower Saxony","measure index","retail_and_recreation_percent_change_from_baseline",-0.669393619561025,1.54406417697251e-148,168
"2020","2020-09-11","2020-12-20","Lower Saxony","measure index","grocery_and_pharmacy_percent_change_from_baseline",-0.114218021562608,0.000114287566695878,168
"2020","2020-09-11","2020-12-20","Lower Saxony","measure index","parks_percent_change_from_baseline",-0.605018890571426,2.2810236655715e-114,168
"2020","2020-09-11","2020-12-20","Lower Saxony","measure index","transit_stations_percent_change_from_baseline",-0.621467461948965,2.4155098867002e-122,168
"2020","2020-09-11","2020-12-20","Lower Saxony","measure index","workplaces_percent_change_from_baseline",0.0314984376022957,0.288809604721984,168
"2020","2020-09-11","2020-12-20","Lower Saxony","measure index","residential_percent_change_from_baseline",0.627550084858753,2.05009495302491e-125,168
"2020","2020-02-15","2020-05-25","North Rhine-Westphalia","measure_index","retail_and_recreation_percent_change_from_baseline",-0.568085244655456,1.72219004245006e-84,526
"2020","2020-02-15","2020-05-25","North Rhine-Westphalia","measure_index","grocery_and_pharmacy_percent_change_from_baseline",-0.233718090074613,1.41535100520985e-13,526
"2020","2020-02-15","2020-05-25","North Rhine-Westphalia","measure_index","parks_percent_change_from_baseline",0.412019532491866,2.77100033313956e-41,526
"2020","2020-02-15","2020-05-25","North Rhine-Westphalia","measure_index","transit_stations_percent_change_from_baseline",-0.667764984649726,5.08110104279104e-127,526
"2020","2020-02-15","2020-05-25","North Rhine-Westphalia","measure_index","workplaces_percent_change_from_baseline",-0.607285523938905,2.02376656821517e-99,526
"2020","2020-02-15","2020-05-25","North Rhine-Westphalia","measure_index","residential_percent_change_from_baseline",0.612556033701652,1.37124631263583e-101,526
"2020","2020-09-11","2020-12-20","North Rhine-Westphalia","measure index","retail_and_recreation_percent_change_from_baseline",-0.640184812454889,5.11640127669584e-132,526
"2020","2020-09-11","2020-12-20","North Rhine-Westphalia","measure index","grocery_and_pharmacy_percent_change_from_baseline",0.0762580447569097,0.0101357941041507,526
"2020","2020-09-11","2020-12-20","North Rhine-Westphalia","measure index","parks_percent_change_from_baseline",-0.33133547801577,1.64185231451766e-30,526
"2020","2020-09-11","2020-12-20","North Rhine-Westphalia","measure index","transit_stations_percent_change_from_baseline",-0.413064675857727,4.88909004821134e-48,526
"2020","2020-09-11","2020-12-20","North Rhine-Westphalia","measure index","workplaces_percent_change_from_baseline",0.0564176671456327,0.057307826369164,526
"2020","2020-09-11","2020-12-20","North Rhine-Westphalia","measure index","residential_percent_change_from_baseline",0.605728463632946,1.05607011238261e-114,526
"2020","2020-02-15","2020-05-25","Rhineland-Palatinate","measure_index","retail_and_recreation_percent_change_from_baseline",-0.570327437760551,2.72750200030555e-85,206
"2020","2020-02-15","2020-05-25","Rhineland-Palatinate","measure_index","grocery_and_pharmacy_percent_change_from_baseline",-0.255329510405369,5.44305344017235e-16,206
"2020","2020-02-15","2020-05-25","Rhineland-Palatinate","measure_index","parks_percent_change_from_baseline",0.231070380254163,2.69636230881653e-13,206
"2020","2020-02-15","2020-05-25","Rhineland-Palatinate","measure_index","transit_stations_percent_change_from_baseline",-0.711804971782185,1.30109735401886e-151,206
"2020","2020-02-15","2020-05-25","Rhineland-Palatinate","measure_index","workplaces_percent_change_from_baseline",-0.60020057067712,1.44060777129792e-96,206
"2020","2020-02-15","2020-05-25","Rhineland-Palatinate","measure_index","residential_percent_change_from_baseline",0.612025374195697,2.276986997099e-101,206
"2020","2020-09-11","2020-12-20","Rhineland-Palatinate","measure index","retail_and_recreation_percent_change_from_baseline",-0.68017241743721,4.02191901579875e-155,206
"2020","2020-09-11","2020-12-20","Rhineland-Palatinate","measure index","grocery_and_pharmacy_percent_change_from_baseline",-0.0973263944855206,0.00102150430426663,206
"2020","2020-09-11","2020-12-20","Rhineland-Palatinate","measure index","parks_percent_change_from_baseline",-0.561624506882952,2.03723316453053e-95,206
"2020","2020-09-11","2020-12-20","Rhineland-Palatinate","measure index","transit_stations_percent_change_from_baseline",-0.597125101104327,1.05310189419442e-110,206
"2020","2020-09-11","2020-12-20","Rhineland-Palatinate","measure index","workplaces_percent_change_from_baseline",-0.0136129976120454,0.646710529869626,206
"2020","2020-09-11","2020-12-20","Rhineland-Palatinate","measure index","residential_percent_change_from_baseline",0.631689552424922,1.52160188741961e-127,206
"2020","2020-02-15","2020-05-25","Saxony-Anhalt","measure_index","retail_and_recreation_percent_change_from_baseline",-0.567923944153888,1.96525043675384e-84,107
"2020","2020-02-15","2020-05-25","Saxony-Anhalt","measure_index","grocery_and_pharmacy_percent_change_from_baseline",-0.227983699726195,5.65932768709509e-13,107
"2020","2020-02-15","2020-05-25","Saxony-Anhalt","measure_index","parks_percent_change_from_baseline",0.212443951782007,2.01216036849747e-11,107
"2020","2020-02-15","2020-05-25","Saxony-Anhalt","measure_index","transit_stations_percent_change_from_baseline",-0.611789925430683,2.85067199344105e-101,107
"2020","2020-02-15","2020-05-25","Saxony-Anhalt","measure_index","workplaces_percent_change_from_baseline",-0.498751778052683,1.63846060012579e-62,107
"2020","2020-02-15","2020-05-25","Saxony-Anhalt","measure_index","residential_percent_change_from_baseline",0.496387016110637,7.55043534679865e-62,107
"2020","2020-09-11","2020-12-20","Saxony-Anhalt","measure index","retail_and_recreation_percent_change_from_baseline",-0.614261661843117,8.60589406840895e-119,107
"2020","2020-09-11","2020-12-20","Saxony-Anhalt","measure index","grocery_and_pharmacy_percent_change_from_baseline",-0.023304516498148,0.432622900609758,107
"2020","2020-09-11","2020-12-20","Saxony-Anhalt","measure index","parks_percent_change_from_baseline",-0.572385551983412,7.44286970080981e-100,107
"2020","2020-09-11","2020-12-20","Saxony-Anhalt","measure index","transit_stations_percent_change_from_baseline",-0.626537713534309,6.72473500059204e-125,107
"2020","2020-09-11","2020-12-20","Saxony-Anhalt","measure index","workplaces_percent_change_from_baseline",-0.0368254614753001,0.214886025454021,107
"2020","2020-09-11","2020-12-20","Saxony-Anhalt","measure index","residential_percent_change_from_baseline",0.648326355454758,1.93639349152325e-136,107
"2020","2020-02-15","2020-05-25","Saxony","measure_index","retail_and_recreation_percent_change_from_baseline",-0.615043715416282,1.256084614859e-102,221
"2020","2020-02-15","2020-05-25","Saxony","measure_index","grocery_and_pharmacy_percent_change_from_baseline",-0.248795650500658,3.09526829008732e-15,221
"2020","2020-02-15","2020-05-25","Saxony","measure_index","parks_percent_change_from_baseline",0.239649154675396,3.2456229476363e-14,221
"2020","2020-02-15","2020-05-25","Saxony","measure_index","transit_stations_percent_change_from_baseline",-0.60717613045899,2.24258953349809e-99,221
"2020","2020-02-15","2020-05-25","Saxony","measure_index","workplaces_percent_change_from_baseline",-0.541221223057056,2.31296375504332e-75,221
"2020","2020-02-15","2020-05-25","Saxony","measure_index","residential_percent_change_from_baseline",0.530729102871649,5.13267229712667e-72,221
"2020","2020-09-11","2020-12-20","Saxony","measure index","retail_and_recreation_percent_change_from_baseline",-0.62089407054585,4.66699643422706e-122,221
"2020","2020-09-11","2020-12-20","Saxony","measure index","grocery_and_pharmacy_percent_change_from_baseline",-0.0433922563407819,0.14385169409254,221
"2020","2020-09-11","2020-12-20","Saxony","measure index","parks_percent_change_from_baseline",-0.488951386086932,2.54327523907135e-69,221
"2020","2020-09-11","2020-12-20","Saxony","measure index","transit_stations_percent_change_from_baseline",-0.568900082296296,2.12288022491382e-98,221
"2020","2020-09-11","2020-12-20","Saxony","measure index","workplaces_percent_change_from_baseline",-0.105693160065355,0.000359136473967824,221
"2020","2020-09-11","2020-12-20","Saxony","measure index","residential_percent_change_from_baseline",0.577834196170503,3.64467709749895e-102,221
"2020","2020-02-15","2020-05-25","Thuringia","measure_index","retail_and_recreation_percent_change_from_baseline",-0.56857778823045,1.15027674612887e-84,132
"2020","2020-02-15","2020-05-25","Thuringia","measure_index","grocery_and_pharmacy_percent_change_from_baseline",-0.228691305181466,4.77927844349709e-13,132
"2020","2020-02-15","2020-05-25","Thuringia","measure_index","parks_percent_change_from_baseline",0.259253869881652,1.87077400406436e-16,132
"2020","2020-02-15","2020-05-25","Thuringia","measure_index","transit_stations_percent_change_from_baseline",-0.551914655087609,6.76056429184359e-79,132
"2020","2020-02-15","2020-05-25","Thuringia","measure_index","workplaces_percent_change_from_baseline",-0.525546523904549,2.09062508423501e-70,132
"2020","2020-02-15","2020-05-25","Thuringia","measure_index","residential_percent_change_from_baseline",0.519995630075605,1.03272405751917e-68,132
"2020","2020-09-11","2020-12-20","Thuringia","measure index","retail_and_recreation_percent_change_from_baseline",-0.634355742922135,6.21544908802227e-129,132
"2020","2020-09-11","2020-12-20","Thuringia","measure index","grocery_and_pharmacy_percent_change_from_baseline",-0.0915406097564205,0.00201217599774523,132
"2020","2020-09-11","2020-12-20","Thuringia","measure index","parks_percent_change_from_baseline",-0.564953043594635,8.99384650773595e-97,132
"2020","2020-09-11","2020-12-20","Thuringia","measure index","transit_stations_percent_change_from_baseline",-0.519154107631607,2.10766483434467e-79,132
"2020","2020-09-11","2020-12-20","Thuringia","measure index","workplaces_percent_change_from_baseline",0.0269866665717199,0.363487955044045,132
"2020","2020-09-11","2020-12-20","Thuringia","measure index","residential_percent_change_from_baseline",0.618537894535724,6.88921502077996e-121,132
"2020","2020-02-15","2020-05-25","Bremen","measure_index","retail_and_recreation_percent_change_from_baseline",-0.682081768512214,1.54297355281998e-134,1624
"2020","2020-02-15","2020-05-25","Bremen","measure_index","grocery_and_pharmacy_percent_change_from_baseline",-0.244476834067239,9.50219455113558e-15,1624
"2020","2020-02-15","2020-05-25","Bremen","measure_index","parks_percent_change_from_baseline",0.237780988837464,5.18352780757185e-14,1624
"2020","2020-02-15","2020-05-25","Bremen","measure_index","transit_stations_percent_change_from_baseline",-0.723658991060906,4.82279068504109e-159,1624
"2020","2020-02-15","2020-05-25","Bremen","measure_index","workplaces_percent_change_from_baseline",-0.633941874761566,7.94219436616404e-111,1624
"2020","2020-02-15","2020-05-25","Bremen","measure_index","residential_percent_change_from_baseline",0.636590181896773,5.06945950190177e-112,1624
"2020","2020-09-11","2020-12-20","Bremen","measure index","retail_and_recreation_percent_change_from_baseline",-0.667520676549378,2.0162151862434e-147,1624
"2020","2020-09-11","2020-12-20","Bremen","measure index","grocery_and_pharmacy_percent_change_from_baseline",0.0104720819901372,0.724404519441173,1624
"2020","2020-09-11","2020-12-20","Bremen","measure index","parks_percent_change_from_baseline",-0.43080865073266,1.53033180257163e-52,1624
"2020","2020-09-11","2020-12-20","Bremen","measure index","transit_stations_percent_change_from_baseline",-0.513198491912521,2.47002089587711e-77,1624
"2020","2020-09-11","2020-12-20","Bremen","measure index","workplaces_percent_change_from_baseline",-0.028844074398554,0.331394042365443,1624
"2020","2020-09-11","2020-12-20","Bremen","measure index","residential_percent_change_from_baseline",0.604211021983097,5.46852797183137e-114,1624
"2021","2021-02-15","2021-05-25","Berlin","measure_index","retail_and_recreation_percent_change_from_baseline",-0.114312890059169,0.000100886958853226,4118
"2021","2021-02-15","2021-05-25","Berlin","measure_index","grocery_and_pharmacy_percent_change_from_baseline",-0.0195142727235654,0.508176104341162,4118
"2021","2021-02-15","2021-05-25","Berlin","measure_index","parks_percent_change_from_baseline",-0.0967745042842457,0.00100618499244318,4118
"2021","2021-02-15","2021-05-25","Berlin","measure_index","transit_stations_percent_change_from_baseline",-0.118335322252643,5.66787739583906e-05,4118
"2021","2021-02-15","2021-05-25","Berlin","measure_index","workplaces_percent_change_from_baseline",-0.0239590382217862,0.416544635955713,4118
"2021","2021-02-15","2021-05-25","Berlin","measure_index","residential_percent_change_from_baseline",0.111904446785385,0.000141232678508046,4118
"2021","2021-09-11","2021-12-20","Berlin","measure index","retail_and_recreation_percent_change_from_baseline",-0.0200658628689899,0.4992722061196,4118
"2021","2021-09-11","2021-12-20","Berlin","measure index","grocery_and_pharmacy_percent_change_from_baseline",0.0159575090769841,0.591071773447518,4118
"2021","2021-09-11","2021-12-20","Berlin","measure index","parks_percent_change_from_baseline",-0.0311215079253599,0.294621550556181,4118
"2021","2021-09-11","2021-12-20","Berlin","measure index","transit_stations_percent_change_from_baseline",-0.0260199224715921,0.380935498663916,4118
"2021","2021-09-11","2021-12-20","Berlin","measure index","workplaces_percent_change_from_baseline",0.00107058320092211,0.971247383920118,4118
"2021","2021-09-11","2021-12-20","Berlin","measure index","residential_percent_change_from_baseline",0.0330078588004558,0.266312425719672,4118
"2021","2021-02-15","2021-05-25","Bavaria","measure_index","retail_and_recreation_percent_change_from_baseline",-0.106868307800502,0.000279382019177297,186
"2021","2021-02-15","2021-05-25","Bavaria","measure_index","grocery_and_pharmacy_percent_change_from_baseline",-0.040275290317894,0.171920465245217,186
"2021","2021-02-15","2021-05-25","Bavaria","measure_index","parks_percent_change_from_baseline",-0.0901842384291197,0.00218488998109676,186
"2021","2021-02-15","2021-05-25","Bavaria","measure_index","transit_stations_percent_change_from_baseline",-0.105894083626544,0.000317740532030137,186
"2021","2021-02-15","2021-05-25","Bavaria","measure_index","workplaces_percent_change_from_baseline",0.00707631281393539,0.810392054942021,186
"2021","2021-02-15","2021-05-25","Bavaria","measure_index","residential_percent_change_from_baseline",0.0334110523209645,0.257174793110981,186
"2021","2021-09-11","2021-12-20","Bavaria","measure index","retail_and_recreation_percent_change_from_baseline",-0.029526650381146,0.320074357561937,186
"2021","2021-09-11","2021-12-20","Bavaria","measure index","grocery_and_pharmacy_percent_change_from_baseline",0.00135561001765559,0.963597177212735,186
"2021","2021-09-11","2021-12-20","Bavaria","measure index","parks_percent_change_from_baseline",-0.0365386469852571,0.218481645986763,186
"2021","2021-09-11","2021-12-20","Bavaria","measure index","transit_stations_percent_change_from_baseline",-0.0309482470304227,0.297319174832975,186
"2021","2021-09-11","2021-12-20","Bavaria","measure index","workplaces_percent_change_from_baseline",0.00516085385055621,0.862058663545311,186
"2021","2021-09-11","2021-12-20","Bavaria","measure index","residential_percent_change_from_baseline",0.0239824696376083,0.419352108825656,186
"2021","2021-02-15","2021-05-25","Hamburg","measure_index","retail_and_recreation_percent_change_from_baseline",-0.073122215513783,0.013047147755543,2446
"2021","2021-02-15","2021-05-25","Hamburg","measure_index","grocery_and_pharmacy_percent_change_from_baseline",-0.0133799725311555,0.650074552371375,2446
"2021","2021-02-15","2021-05-25","Hamburg","measure_index","parks_percent_change_from_baseline",-0.0427975236482022,0.146589405009706,2446
"2021","2021-02-15","2021-05-25","Hamburg","measure_index","transit_stations_percent_change_from_baseline",-0.0922329224340983,0.001725746102214,2446
"2021","2021-02-15","2021-05-25","Hamburg","measure_index","workplaces_percent_change_from_baseline",0.00981115984797987,0.739399777303279,2446
"2021","2021-02-15","2021-05-25","Hamburg","measure_index","residential_percent_change_from_baseline",0.0667417049386044,0.0234908691326104,2446
"2021","2021-09-11","2021-12-20","Hamburg","measure index","retail_and_recreation_percent_change_from_baseline",-0.0062415788595214,0.833558124613046,2446
"2021","2021-09-11","2021-12-20","Hamburg","measure index","grocery_and_pharmacy_percent_change_from_baseline",0.0158810477235203,0.592851243413694,2446
"2021","2021-09-11","2021-12-20","Hamburg","measure index","parks_percent_change_from_baseline",-0.0290998871857581,0.327121770481911,2446
"2021","2021-09-11","2021-12-20","Hamburg","measure index","transit_stations_percent_change_from_baseline",-0.0182552261638815,0.538779991935132,2446
"2021","2021-09-11","2021-12-20","Hamburg","measure index","workplaces_percent_change_from_baseline",0.00738576345058327,0.8036210589944,2446
"2021","2021-09-11","2021-12-20","Hamburg","measure index","residential_percent_change_from_baseline",0.0257755621879271,0.385425664117317,2446
"2021","2021-02-15","2021-05-25","Saarland","measure_index","retail_and_recreation_percent_change_from_baseline",-0.0356653113336266,0.226435689945163,384
"2021","2021-02-15","2021-05-25","Saarland","measure_index","grocery_and_pharmacy_percent_change_from_baseline",-0.0302577325239303,0.304843728981165,384
"2021","2021-02-15","2021-05-25","Saarland","measure_index","parks_percent_change_from_baseline",-0.0112596165219294,0.702638443763677,384
"2021","2021-02-15","2021-05-25","Saarland","measure_index","transit_stations_percent_change_from_baseline",-0.0942219340660726,0.00136642156854537,384
"2021","2021-02-15","2021-05-25","Saarland","measure_index","workplaces_percent_change_from_baseline",-0.00364806287805733,0.901564410177738,384
"2021","2021-02-15","2021-05-25","Saarland","measure_index","residential_percent_change_from_baseline",-0.000866394644814577,0.976565917299844,384
"2021","2021-09-11","2021-12-20","Saarland","measure index","retail_and_recreation_percent_change_from_baseline",-0.0104891107585886,0.723974654487447,384
"2021","2021-09-11","2021-12-20","Saarland","measure index","grocery_and_pharmacy_percent_change_from_baseline",0.00781147027198265,0.792553171986711,384
"2021","2021-09-11","2021-12-20","Saarland","measure index","parks_percent_change_from_baseline",-0.0272371157509084,0.359050647578577,384
"2021","2021-09-11","2021-12-20","Saarland","measure index","transit_stations_percent_change_from_baseline",-0.0243995474579173,0.41130805412105,384
"2021","2021-09-11","2021-12-20","Saarland","measure index","workplaces_percent_change_from_baseline",0.00558345867198512,0.850890351512294,384
"2021","2021-09-11","2021-12-20","Saarland","measure index","residential_percent_change_from_baseline",0.014675429341945,0.621227417000192,384
"2021","2021-02-15","2021-05-25","Schleswig-Holstein","measure_index","retail_and_recreation_percent_change_from_baseline",-0.212261242389193,3.34635955442282e-13,184
"2021","2021-02-15","2021-05-25","Schleswig-Holstein","measure_index","grocery_and_pharmacy_percent_change_from_baseline",-0.0682314738380941,0.0205561741290948,184
"2021","2021-02-15","2021-05-25","Schleswig-Holstein","measure_index","parks_percent_change_from_baseline",-0.215751272190586,1.33908082452531e-13,184
"2021","2021-02-15","2021-05-25","Schleswig-Holstein","measure_index","transit_stations_percent_change_from_baseline",-0.191779238901618,5.26833121636471e-11,184
"2021","2021-02-15","2021-05-25","Schleswig-Holstein","measure_index","workplaces_percent_change_from_baseline",-0.0164540861132485,0.576911519568316,184
"2021","2021-02-15","2021-05-25","Schleswig-Holstein","measure_index","residential_percent_change_from_baseline",0.0746759054611165,0.0112327538155928,184
"2021","2021-09-11","2021-12-20","Schleswig-Holstein","measure index","retail_and_recreation_percent_change_from_baseline",-0.0315096454194878,0.288637978951992,184
"2021","2021-09-11","2021-12-20","Schleswig-Holstein","measure index","grocery_and_pharmacy_percent_change_from_baseline",-0.00638460104691065,0.829801854151724,184
"2021","2021-09-11","2021-12-20","Schleswig-Holstein","measure index","parks_percent_change_from_baseline",-0.0343882025769731,0.246820330779822,184
"2021","2021-09-11","2021-12-20","Schleswig-Holstein","measure index","transit_stations_percent_change_from_baseline",-0.034195548365246,0.249479235019695,184
"2021","2021-09-11","2021-12-20","Schleswig-Holstein","measure index","workplaces_percent_change_from_baseline",-0.0013486443850378,0.963784099895575,184
"2021","2021-09-11","2021-12-20","Schleswig-Holstein","measure index","residential_percent_change_from_baseline",0.0305776870865309,0.303143879966153,184
"2021","2021-02-15","2021-05-25","Baden-Württemberg","measure_index","retail_and_recreation_percent_change_from_baseline",-0.0914793847130256,0.00188318940372701,311
"2021","2021-02-15","2021-05-25","Baden-Württemberg","measure_index","grocery_and_pharmacy_percent_change_from_baseline",-0.0345781079604904,0.240917540891786,311
"2021","2021-02-15","2021-05-25","Baden-Württemberg","measure_index","parks_percent_change_from_baseline",-0.0623550821506901,0.0343308993219781,311
"2021","2021-02-15","2021-05-25","Baden-Württemberg","measure_index","transit_stations_percent_change_from_baseline",-0.0900369728085918,0.00222186105677853,311
"2021","2021-02-15","2021-05-25","Baden-Württemberg","measure_index","workplaces_percent_change_from_baseline",0.0193193644535387,0.512422524943391,311
"2021","2021-02-15","2021-05-25","Baden-Württemberg","measure_index","residential_percent_change_from_baseline",0.0100222742550683,0.734002243061497,311
"2021","2021-09-11","2021-12-20","Baden-Württemberg","measure index","retail_and_recreation_percent_change_from_baseline",-0.0266215266458189,0.370018375499557,311
"2021","2021-09-11","2021-12-20","Baden-Württemberg","measure index","grocery_and_pharmacy_percent_change_from_baseline",0.00535044147287105,0.85704482578918,311
"2021","2021-09-11","2021-12-20","Baden-Württemberg","measure index","parks_percent_change_from_baseline",-0.0343003948308207,0.248029734550429,311
"2021","2021-09-11","2021-12-20","Baden-Württemberg","measure index","transit_stations_percent_change_from_baseline",-0.0289388705742823,0.329806689157321,311
"2021","2021-09-11","2021-12-20","Baden-Württemberg","measure index","workplaces_percent_change_from_baseline",0.00471290845643928,0.873926751514556,311
"2021","2021-09-11","2021-12-20","Baden-Württemberg","measure index","residential_percent_change_from_baseline",0.022780098319866,0.443052773105874,311
"2021","2021-02-15","2021-05-25","Brandenburg","measure_index","retail_and_recreation_percent_change_from_baseline",-0.136845682368307,3.13760106730133e-06,85
"2021","2021-02-15","2021-05-25","Brandenburg","measure_index","grocery_and_pharmacy_percent_change_from_baseline",-0.0396858878376807,0.17828585086779,85
"2021","2021-02-15","2021-05-25","Brandenburg","measure_index","parks_percent_change_from_baseline",-0.157068359585738,8.38774199906718e-08,85
"2021","2021-02-15","2021-05-25","Brandenburg","measure_index","transit_stations_percent_change_from_baseline",-0.151789328464364,2.26295015202117e-07,85
"2021","2021-02-15","2021-05-25","Brandenburg","measure_index","workplaces_percent_change_from_baseline",0.00701009305099863,0.812133122363408,85
"2021","2021-02-15","2021-05-25","Brandenburg","measure_index","residential_percent_change_from_baseline",0.0566330197126362,0.0546505609644092,85
"2021","2021-09-11","2021-12-20","Brandenburg","measure index","retail_and_recreation_percent_change_from_baseline",-0.0254604047166547,0.391264201595679,85
"2021","2021-09-11","2021-12-20","Brandenburg","measure index","grocery_and_pharmacy_percent_change_from_baseline",0.00546898177322986,0.853912817952305,85
"2021","2021-09-11","2021-12-20","Brandenburg","measure index","parks_percent_change_from_baseline",-0.033485376560099,0.259453004213056,85
"2021","2021-09-11","2021-12-20","Brandenburg","measure index","transit_stations_percent_change_from_baseline",-0.0277822718409764,0.349510062583986,85
"2021","2021-09-11","2021-12-20","Brandenburg","measure index","workplaces_percent_change_from_baseline",-0.00450636355272855,0.879408779546439,85
"2021","2021-09-11","2021-12-20","Brandenburg","measure index","residential_percent_change_from_baseline",0.0296618059951991,0.317863274277609,85
"2021","2021-02-15","2021-05-25","Hessen","measure_index","retail_and_recreation_percent_change_from_baseline",-0.0845755810170773,0.00407080631976781,298
"2021","2021-02-15","2021-05-25","Hessen","measure_index","grocery_and_pharmacy_percent_change_from_baseline",-0.0269994775030832,0.359895247511176,298
"2021","2021-02-15","2021-05-25","Hessen","measure_index","parks_percent_change_from_baseline",-0.0691945458489169,0.0188336784951065,298
"2021","2021-02-15","2021-05-25","Hessen","measure_index","transit_stations_percent_change_from_baseline",-0.102731789477095,0.000478896814839595,298
"2021","2021-02-15","2021-05-25","Hessen","measure_index","workplaces_percent_change_from_baseline",0.0200506464211492,0.496586115308983,298
"2021","2021-02-15","2021-05-25","Hessen","measure_index","residential_percent_change_from_baseline",0.0241375739457878,0.413079574061318,298
"2021","2021-09-11","2021-12-20","Hessen","measure index","retail_and_recreation_percent_change_from_baseline",-0.0171571018535168,0.563480770480215,298
"2021","2021-09-11","2021-12-20","Hessen","measure index","grocery_and_pharmacy_percent_change_from_baseline",0.017934351539859,0.545941228787657,298
"2021","2021-09-11","2021-12-20","Hessen","measure index","parks_percent_change_from_baseline",-0.0327847362346317,0.269559875771384,298
"2021","2021-09-11","2021-12-20","Hessen","measure index","transit_stations_percent_change_from_baseline",-0.0265647761766157,0.37103983825718,298
"2021","2021-09-11","2021-12-20","Hessen","measure index","workplaces_percent_change_from_baseline",0.0080598708449481,0.786114120735111,298
"2021","2021-09-11","2021-12-20","Hessen","measure index","residential_percent_change_from_baseline",0.0338105656831675,0.254852277856869,298
"2021","2021-02-15","2021-05-25","Mecklenburg-Vorpommern","measure_index","retail_and_recreation_percent_change_from_baseline",-0.0991124324910067,0.000755420215897196,69
"2021","2021-02-15","2021-05-25","Mecklenburg-Vorpommern","measure_index","grocery_and_pharmacy_percent_change_from_baseline",-0.0291754837582202,0.32247513298957,69
"2021","2021-02-15","2021-05-25","Mecklenburg-Vorpommern","measure_index","parks_percent_change_from_baseline",-0.138881605987563,2.22726241906051e-06,69
"2021","2021-02-15","2021-05-25","Mecklenburg-Vorpommern","measure_index","transit_stations_percent_change_from_baseline",-0.157634466637686,7.52590442971054e-08,69
"2021","2021-02-15","2021-05-25","Mecklenburg-Vorpommern","measure_index","workplaces_percent_change_from_baseline",0.00092396893500426,0.975009151333047,69
"2021","2021-02-15","2021-05-25","Mecklenburg-Vorpommern","measure_index","residential_percent_change_from_baseline",0.0441296677040167,0.134415689126987,69
"2021","2021-09-11","2021-12-20","Mecklenburg-Vorpommern","measure index","retail_and_recreation_percent_change_from_baseline",-0.036035464659699,0.224893655684644,69
"2021","2021-09-11","2021-12-20","Mecklenburg-Vorpommern","measure index","grocery_and_pharmacy_percent_change_from_baseline",-0.0289440612451572,0.329719914089766,69
"2021","2021-09-11","2021-12-20","Mecklenburg-Vorpommern","measure index","parks_percent_change_from_baseline",-0.0352515936084341,0.235148038288243,69
"2021","2021-09-11","2021-12-20","Mecklenburg-Vorpommern","measure index","transit_stations_percent_change_from_baseline",-0.0355647563572586,0.231012366790962,69
"2021","2021-09-11","2021-12-20","Mecklenburg-Vorpommern","measure index","workplaces_percent_change_from_baseline",-0.00947380447661249,0.749751986427427,69
"2021","2021-09-11","2021-12-20","Mecklenburg-Vorpommern","measure index","residential_percent_change_from_baseline",0.0288097374785436,0.331970226005272,69
"2021","2021-02-15","2021-05-25","Lower Saxony","measure_index","retail_and_recreation_percent_change_from_baseline",-0.152261291482556,2.07362652244386e-07,168
"2021","2021-02-15","2021-05-25","Lower Saxony","measure_index","grocery_and_pharmacy_percent_change_from_baseline",-0.0358381635916328,0.22419163603417,168
"2021","2021-02-15","2021-05-25","Lower Saxony","measure_index","parks_percent_change_from_baseline",-0.132249709649514,6.68037511473256e-06,168
"2021","2021-02-15","2021-05-25","Lower Saxony","measure_index","transit_stations_percent_change_from_baseline",-0.144725483280934,8.10572521186392e-07,168
"2021","2021-02-15","2021-05-25","Lower Saxony","measure_index","workplaces_percent_change_from_baseline",0.00894036512254178,0.761796364665548,168
"2021","2021-02-15","2021-05-25","Lower Saxony","measure_index","residential_percent_change_from_baseline",0.0442440829865426,0.133407645941674,168
"2021","2021-09-11","2021-12-20","Lower Saxony","measure index","retail_and_recreation_percent_change_from_baseline",-0.0286781584602109,0.334184142122416,168
"2021","2021-09-11","2021-12-20","Lower Saxony","measure index","grocery_and_pharmacy_percent_change_from_baseline",0.0138350846436944,0.641347988962382,168
"2021","2021-09-11","2021-12-20","Lower Saxony","measure index","parks_percent_change_from_baseline",-0.0338816572883482,0.253854078960232,168
"2021","2021-09-11","2021-12-20","Lower Saxony","measure index","transit_stations_percent_change_from_baseline",-0.0291747725915385,0.325877914609997,168
"2021","2021-09-11","2021-12-20","Lower Saxony","measure index","workplaces_percent_change_from_baseline",0.0110484460446387,0.709904138792817,168
"2021","2021-09-11","2021-12-20","Lower Saxony","measure index","residential_percent_change_from_baseline",0.0269907659048304,0.363415050838931,168
"2021","2021-02-15","2021-05-25","North Rhine-Westphalia","measure_index","retail_and_recreation_percent_change_from_baseline",-0.0625852093122346,0.0336710823442639,526
"2021","2021-02-15","2021-05-25","North Rhine-Westphalia","measure_index","grocery_and_pharmacy_percent_change_from_baseline",-0.0191227548031176,0.516724657439397,526
"2021","2021-02-15","2021-05-25","North Rhine-Westphalia","measure_index","parks_percent_change_from_baseline",-0.0360047190338544,0.222044393814254,526
"2021","2021-02-15","2021-05-25","North Rhine-Westphalia","measure_index","transit_stations_percent_change_from_baseline",-0.0687565514665838,0.019600767480517,526
"2021","2021-02-15","2021-05-25","North Rhine-Westphalia","measure_index","workplaces_percent_change_from_baseline",0.0132952008654372,0.652145149487165,526
"2021","2021-02-15","2021-05-25","North Rhine-Westphalia","measure_index","residential_percent_change_from_baseline",0.00626423498616108,0.831805554403421,526
"2021","2021-09-11","2021-12-20","North Rhine-Westphalia","measure index","retail_and_recreation_percent_change_from_baseline",-0.00216358962563801,0.941931271891806,526
"2021","2021-09-11","2021-12-20","North Rhine-Westphalia","measure index","grocery_and_pharmacy_percent_change_from_baseline",0.00824377208545395,0.781356392168074,526
"2021","2021-09-11","2021-12-20","North Rhine-Westphalia","measure index","parks_percent_change_from_baseline",-0.0266154708652986,0.370127291439101,526
"2021","2021-09-11","2021-12-20","North Rhine-Westphalia","measure index","transit_stations_percent_change_from_baseline",-0.0196262281393419,0.508721627556654,526
"2021","2021-09-11","2021-12-20","North Rhine-Westphalia","measure index","workplaces_percent_change_from_baseline",0.00298437889196119,0.919965816157957,526
"2021","2021-09-11","2021-12-20","North Rhine-Westphalia","measure index","residential_percent_change_from_baseline",0.0190989034339121,0.520178122747527,526
"2021","2021-02-15","2021-05-25","Rhineland-Palatinate","measure_index","retail_and_recreation_percent_change_from_baseline",-0.0941751232724139,0.00137401909280934,206
"2021","2021-02-15","2021-05-25","Rhineland-Palatinate","measure_index","grocery_and_pharmacy_percent_change_from_baseline",-0.03033006272469,0.303688587211018,206
"2021","2021-02-15","2021-05-25","Rhineland-Palatinate","measure_index","parks_percent_change_from_baseline",-0.0697163473387067,0.0179541496913602,206
"2021","2021-02-15","2021-05-25","Rhineland-Palatinate","measure_index","transit_stations_percent_change_from_baseline",-0.138975686652801,2.19201181833592e-06,206
"2021","2021-02-15","2021-05-25","Rhineland-Palatinate","measure_index","workplaces_percent_change_from_baseline",-0.00429302652124239,0.884274559091587,206
"2021","2021-02-15","2021-05-25","Rhineland-Palatinate","measure_index","residential_percent_change_from_baseline",0.0257408025546776,0.382735047314463,206
"2021","2021-09-11","2021-12-20","Rhineland-Palatinate","measure index","retail_and_recreation_percent_change_from_baseline",-0.0196106141475791,0.509058944659571,206
"2021","2021-09-11","2021-12-20","Rhineland-Palatinate","measure index","grocery_and_pharmacy_percent_change_from_baseline",0.00660868756484944,0.82392438181277,206
"2021","2021-09-11","2021-12-20","Rhineland-Palatinate","measure index","parks_percent_change_from_baseline",-0.0334735914298525,0.259620810200281,206
"2021","2021-09-11","2021-12-20","Rhineland-Palatinate","measure index","transit_stations_percent_change_from_baseline",-0.0285345716961143,0.336610920216888,206
"2021","2021-09-11","2021-12-20","Rhineland-Palatinate","measure index","workplaces_percent_change_from_baseline",0.00411921296268935,0.889699732869777,206
"2021","2021-09-11","2021-12-20","Rhineland-Palatinate","measure index","residential_percent_change_from_baseline",0.018730928520276,0.528250602938554,206
"2021","2021-02-15","2021-05-25","Saxony-Anhalt","measure_index","retail_and_recreation_percent_change_from_baseline",-0.0851536151987853,0.00382400234875401,107
"2021","2021-02-15","2021-05-25","Saxony-Anhalt","measure_index","grocery_and_pharmacy_percent_change_from_baseline",-0.0263836527627442,0.370961139417645,107
"2021","2021-02-15","2021-05-25","Saxony-Anhalt","measure_index","parks_percent_change_from_baseline",-0.160724946569809,4.1356493637342e-08,107
"2021","2021-02-15","2021-05-25","Saxony-Anhalt","measure_index","transit_stations_percent_change_from_baseline",-0.0834369923574487,0.0045996165858338,107
"2021","2021-02-15","2021-05-25","Saxony-Anhalt","measure_index","workplaces_percent_change_from_baseline",0.0414336679966201,0.159907674105125,107
"2021","2021-02-15","2021-05-25","Saxony-Anhalt","measure_index","residential_percent_change_from_baseline",0.0206298840261496,0.484229756352292,107
"2021","2021-09-11","2021-12-20","Saxony-Anhalt","measure index","retail_and_recreation_percent_change_from_baseline",-0.0264056795795038,0.373912754554113,107
"2021","2021-09-11","2021-12-20","Saxony-Anhalt","measure index","grocery_and_pharmacy_percent_change_from_baseline",0.0102566085060762,0.729851270510655,107
"2021","2021-09-11","2021-12-20","Saxony-Anhalt","measure index","parks_percent_change_from_baseline",-0.0300237954534214,0.311990652397794,107
"2021","2021-09-11","2021-12-20","Saxony-Anhalt","measure index","transit_stations_percent_change_from_baseline",-0.0288861589065743,0.330688733227748,107
"2021","2021-09-11","2021-12-20","Saxony-Anhalt","measure index","workplaces_percent_change_from_baseline",-0.00474437709221965,0.873092047816812,107
"2021","2021-09-11","2021-12-20","Saxony-Anhalt","measure index","residential_percent_change_from_baseline",0.0326267803403045,0.271875193435093,107
"2021","2021-02-15","2021-05-25","Saxony","measure_index","retail_and_recreation_percent_change_from_baseline",-0.118793702478036,5.30119617601851e-05,221
"2021","2021-02-15","2021-05-25","Saxony","measure_index","grocery_and_pharmacy_percent_change_from_baseline",-0.0301727385621164,0.306204833012113,221
"2021","2021-02-15","2021-05-25","Saxony","measure_index","parks_percent_change_from_baseline",-0.14727354320791,5.15095041700436e-07,221
"2021","2021-02-15","2021-05-25","Saxony","measure_index","transit_stations_percent_change_from_baseline",-0.133875359667584,5.12789044850785e-06,221
"2021","2021-02-15","2021-05-25","Saxony","measure_index","workplaces_percent_change_from_baseline",0.0107469126054022,0.71557662644198,221
"2021","2021-02-15","2021-05-25","Saxony","measure_index","residential_percent_change_from_baseline",0.051564253359198,0.0802197129666337,221
"2021","2021-09-11","2021-12-20","Saxony","measure index","retail_and_recreation_percent_change_from_baseline",-0.0256855363924024,0.387088012981902,221
"2021","2021-09-11","2021-12-20","Saxony","measure index","grocery_and_pharmacy_percent_change_from_baseline",0.00124906213250621,0.966456601040757,221
"2021","2021-09-11","2021-12-20","Saxony","measure index","parks_percent_change_from_baseline",-0.0353476138719684,0.23387445463459,221
"2021","2021-09-11","2021-12-20","Saxony","measure index","transit_stations_percent_change_from_baseline",-0.0329433526267084,0.267248509032007,221
"2021","2021-09-11","2021-12-20","Saxony","measure index","workplaces_percent_change_from_baseline",-0.00760401145972823,0.79794179799628,221
"2021","2021-09-11","2021-12-20","Saxony","measure index","residential_percent_change_from_baseline",0.0280727057605096,0.344493520553145,221
"2021","2021-02-15","2021-05-25","Thuringia","measure_index","retail_and_recreation_percent_change_from_baseline",-0.12674340250653,1.59925504064768e-05,132
"2021","2021-02-15","2021-05-25","Thuringia","measure_index","grocery_and_pharmacy_percent_change_from_baseline",-0.038344081391261,0.19342736750718,132
"2021","2021-02-15","2021-05-25","Thuringia","measure_index","parks_percent_change_from_baseline",-0.159381323609782,5.37284299916521e-08,132
"2021","2021-02-15","2021-05-25","Thuringia","measure_index","transit_stations_percent_change_from_baseline",-0.124354511183675,2.31016608587009e-05,132
"2021","2021-02-15","2021-05-25","Thuringia","measure_index","workplaces_percent_change_from_baseline",0.0107680311166014,0.715042052076826,132
"2021","2021-02-15","2021-05-25","Thuringia","measure_index","residential_percent_change_from_baseline",0.0544231491635523,0.0648129367009565,132
"2021","2021-09-11","2021-12-20","Thuringia","measure index","retail_and_recreation_percent_change_from_baseline",-0.0217270099228374,0.464424764432178,132
"2021","2021-09-11","2021-12-20","Thuringia","measure index","grocery_and_pharmacy_percent_change_from_baseline",0.00578920903906899,0.845463569702568,132
"2021","2021-09-11","2021-12-20","Thuringia","measure index","parks_percent_change_from_baseline",-0.0311795832104863,0.293721011784927,132
"2021","2021-09-11","2021-12-20","Thuringia","measure index","transit_stations_percent_change_from_baseline",-0.0306913039199359,0.301349977970333,132
"2021","2021-09-11","2021-12-20","Thuringia","measure index","workplaces_percent_change_from_baseline",0.00102297260079089,0.972525543585648,132
"2021","2021-09-11","2021-12-20","Thuringia","measure index","residential_percent_change_from_baseline",0.0239006469064514,0.420940970652281,132
"2021","2021-02-15","2021-05-25","Bremen","measure_index","retail_and_recreation_percent_change_from_baseline",-0.108868063947155,0.000213820873309823,1624
"2021","2021-02-15","2021-05-25","Bremen","measure_index","grocery_and_pharmacy_percent_change_from_baseline",-0.0310566757000797,0.292245564976543,1624
"2021","2021-02-15","2021-05-25","Bremen","measure_index","parks_percent_change_from_baseline",-0.0698525286272517,0.0177306056809762,1624
"2021","2021-02-15","2021-05-25","Bremen","measure_index","transit_stations_percent_change_from_baseline",-0.0599216424921182,0.0420093596469625,1624
"2021","2021-02-15","2021-05-25","Bremen","measure_index","workplaces_percent_change_from_baseline",0.0243340305450322,0.409286473680799,1624
"2021","2021-02-15","2021-05-25","Bremen","measure_index","residential_percent_change_from_baseline",0.00651314069541181,0.82522816821264,1624
"2021","2021-09-11","2021-12-20","Bremen","measure index","retail_and_recreation_percent_change_from_baseline",0.000474134831969951,0.987263963734271,1624
"2021","2021-09-11","2021-12-20","Bremen","measure index","grocery_and_pharmacy_percent_change_from_baseline",0.0188301604862643,0.526067433595367,1624
"2021","2021-09-11","2021-12-20","Bremen","measure index","parks_percent_change_from_baseline",-0.0171046746654531,0.564673547824359,1624
"2021","2021-09-11","2021-12-20","Bremen","measure index","transit_stations_percent_change_from_baseline",-0.0129164379433007,0.663647914068985,1624
"2021","2021-09-11","2021-12-20","Bremen","measure index","workplaces_percent_change_from_baseline",0.0150649488441064,0.611994957057512,1624
"2021","2021-09-11","2021-12-20","Bremen","measure index","residential_percent_change_from_baseline",0.025693466830268,0.386941400285556,1624
