"year","from","to","bundesland","variable_x","variable_y","R-value","p_value_x1","p_value_x2","vif","f-statistic","population_density"
"2020","2020-02-15","2020-05-25","Berlin","workplaces_percent_change_from_baseline + bl_mn_idx_t","retail_and_recreation_percent_change_from_baseline",0.901165269161513,0,5.60524406582304e-15,1.88827040026665,"< 2.22e-16",4118
"2020","2020-02-15","2020-05-25","Berlin","workplaces_percent_change_from_baseline + bl_mn_idx_t","grocery_and_pharmacy_percent_change_from_baseline",0.521872123550814,5.35193566221705e-140,3.81191244334266e-27,1.88827040026665,"< 2.22e-16",4118
"2020","2020-02-15","2020-05-25","Berlin","workplaces_percent_change_from_baseline + bl_mn_idx_t","parks_percent_change_from_baseline",0.00993493530897937,0.165077319375395,0.278642825050992,1.88827040026665,"0.0077698",4118
"2020","2020-02-15","2020-05-25","Berlin","workplaces_percent_change_from_baseline + bl_mn_idx_t","transit_stations_percent_change_from_baseline",0.915106339051866,0,8.3399142532264e-14,1.88827040026665,"< 2.22e-16",4118
"2020","2020-02-15","2020-05-25","Berlin","workplaces_percent_change_from_baseline + bl_mn_idx_t","workplaces_percent_change_from_baseline",1,0,0.608948608984105,1.88827040026665,"< 2.22e-16",4118
"2020","2020-02-15","2020-05-25","Berlin","workplaces_percent_change_from_baseline + bl_mn_idx_t","residential_percent_change_from_baseline",0.897078208266892,0,0.864307329652032,1.88827040026665,"< 2.22e-16",4118
"2020","2020-09-11","2020-12-20","Berlin","workplaces_percent_change_from_baseline + bl_mn_idx_t","retail_and_recreation_percent_change_from_baseline",0.566498272391688,1.37627804501274e-54,5.7616302956792e-145,1.0606185702565,"< 2.22e-16",4118
"2020","2020-09-11","2020-12-20","Berlin","workplaces_percent_change_from_baseline + bl_mn_idx_t","grocery_and_pharmacy_percent_change_from_baseline",0.109626294264707,1.79377753192034e-29,9.11446303258448e-07,1.0606185702565,"< 2.22e-16",4118
"2020","2020-09-11","2020-12-20","Berlin","workplaces_percent_change_from_baseline + bl_mn_idx_t","parks_percent_change_from_baseline",0.300846466792304,3.65576084579867e-42,2.61753011514065e-36,1.0606185702565,"< 2.22e-16",4118
"2020","2020-09-11","2020-12-20","Berlin","workplaces_percent_change_from_baseline + bl_mn_idx_t","transit_stations_percent_change_from_baseline",0.647760608975789,6.0842943941719e-156,3.767624747342e-108,1.0606185702565,"< 2.22e-16",4118
"2020","2020-09-11","2020-12-20","Berlin","workplaces_percent_change_from_baseline + bl_mn_idx_t","workplaces_percent_change_from_baseline",1,0,0.174231278992719,1.0606185702565,"< 2.22e-16",4118
"2020","2020-09-11","2020-12-20","Berlin","workplaces_percent_change_from_baseline + bl_mn_idx_t","residential_percent_change_from_baseline",0.644843743951595,1.53573980176698e-120,5.88720289455674e-142,1.0606185702565,"< 2.22e-16",4118
"2020","2020-02-15","2020-05-25","Bavaria","workplaces_percent_change_from_baseline + bl_mn_idx_t","retail_and_recreation_percent_change_from_baseline",0.770197882378786,1.53636207568808e-203,1.79841161792403e-15,1.62242544927634,"< 2.22e-16",186
"2020","2020-02-15","2020-05-25","Bavaria","workplaces_percent_change_from_baseline + bl_mn_idx_t","grocery_and_pharmacy_percent_change_from_baseline",0.644215082244421,2.70429059301055e-203,4.42372446278963e-35,1.62242544927634,"< 2.22e-16",186
"2020","2020-02-15","2020-05-25","Bavaria","workplaces_percent_change_from_baseline + bl_mn_idx_t","parks_percent_change_from_baseline",0.062158088580766,2.7553336144232e-12,0.15874036994692,1.62242544927634,"2.761e-14",186
"2020","2020-02-15","2020-05-25","Bavaria","workplaces_percent_change_from_baseline + bl_mn_idx_t","transit_stations_percent_change_from_baseline",0.848239061796522,1.30647058662273e-265,1.08844118322183e-34,1.62242544927634,"< 2.22e-16",186
"2020","2020-02-15","2020-05-25","Bavaria","workplaces_percent_change_from_baseline + bl_mn_idx_t","workplaces_percent_change_from_baseline",1,0,0.486417875462159,1.62242544927634,"< 2.22e-16",186
"2020","2020-02-15","2020-05-25","Bavaria","workplaces_percent_change_from_baseline + bl_mn_idx_t","residential_percent_change_from_baseline",0.92079674002036,0,4.83423513480707e-15,1.62242544927634,"< 2.22e-16",186
"2020","2020-09-11","2020-12-20","Bavaria","workplaces_percent_change_from_baseline + bl_mn_idx_t","retail_and_recreation_percent_change_from_baseline",0.486986445291227,1.42439357673027e-27,1.36413018530286e-97,1.21955638188899,"< 2.22e-16",186
"2020","2020-09-11","2020-12-20","Bavaria","workplaces_percent_change_from_baseline + bl_mn_idx_t","grocery_and_pharmacy_percent_change_from_baseline",0.130851128247581,1.41659948037348e-21,0.000186381014024887,1.21955638188899,"< 2.22e-16",186
"2020","2020-09-11","2020-12-20","Bavaria","workplaces_percent_change_from_baseline + bl_mn_idx_t","parks_percent_change_from_baseline",0.252845593619984,4.68666558058494e-07,7.70686796650932e-72,1.21955638188899,"< 2.22e-16",186
"2020","2020-09-11","2020-12-20","Bavaria","workplaces_percent_change_from_baseline + bl_mn_idx_t","transit_stations_percent_change_from_baseline",0.592167928513902,7.21716252298451e-61,3.32825778130419e-115,1.21955638188899,"< 2.22e-16",186
"2020","2020-09-11","2020-12-20","Bavaria","workplaces_percent_change_from_baseline + bl_mn_idx_t","workplaces_percent_change_from_baseline",1,0,0.0499033126112083,1.21955638188899,"< 2.22e-16",186
"2020","2020-09-11","2020-12-20","Bavaria","workplaces_percent_change_from_baseline + bl_mn_idx_t","residential_percent_change_from_baseline",0.550213960705356,7.36509611515989e-36,4.66153281249294e-118,1.21955638188899,"< 2.22e-16",186
"2020","2020-02-15","2020-05-25","Hamburg","workplaces_percent_change_from_baseline + bl_mn_idx_t","retail_and_recreation_percent_change_from_baseline",0.843448458083825,6.31164460454382e-257,6.29628737029119e-39,1.60731140433977,"< 2.22e-16",2446
"2020","2020-02-15","2020-05-25","Hamburg","workplaces_percent_change_from_baseline + bl_mn_idx_t","grocery_and_pharmacy_percent_change_from_baseline",0.581995580111496,1.53913645658869e-177,5.61097875905541e-41,1.60731140433977,"< 2.22e-16",2446
"2020","2020-02-15","2020-05-25","Hamburg","workplaces_percent_change_from_baseline + bl_mn_idx_t","parks_percent_change_from_baseline",0.232349292596284,1.25267939021689e-21,3.96183176638921e-07,1.60731140433977,"< 2.22e-16",2446
"2020","2020-02-15","2020-05-25","Hamburg","workplaces_percent_change_from_baseline + bl_mn_idx_t","transit_stations_percent_change_from_baseline",0.862005940088767,8.82995966631356e-278,4.86687399795441e-46,1.60731140433977,"< 2.22e-16",2446
"2020","2020-02-15","2020-05-25","Hamburg","workplaces_percent_change_from_baseline + bl_mn_idx_t","workplaces_percent_change_from_baseline",1,0,0.544850550945589,1.60731140433977,"< 2.22e-16",2446
"2020","2020-02-15","2020-05-25","Hamburg","workplaces_percent_change_from_baseline + bl_mn_idx_t","residential_percent_change_from_baseline",0.889841130801329,0,1.31598819711283e-16,1.60731140433977,"< 2.22e-16",2446
"2020","2020-09-11","2020-12-20","Hamburg","workplaces_percent_change_from_baseline + bl_mn_idx_t","retail_and_recreation_percent_change_from_baseline",0.510059674858719,2.21044743477872e-15,3.73221275775703e-156,1.03360844422143,"< 2.22e-16",2446
"2020","2020-09-11","2020-12-20","Hamburg","workplaces_percent_change_from_baseline + bl_mn_idx_t","grocery_and_pharmacy_percent_change_from_baseline",0.111252051953321,2.71500999179975e-30,0.000122641040404547,1.03360844422143,"< 2.22e-16",2446
"2020","2020-09-11","2020-12-20","Hamburg","workplaces_percent_change_from_baseline + bl_mn_idx_t","parks_percent_change_from_baseline",0.226663883731743,1.17811847172954e-06,2.52104302177942e-54,1.03360844422143,"< 2.22e-16",2446
"2020","2020-09-11","2020-12-20","Hamburg","workplaces_percent_change_from_baseline + bl_mn_idx_t","transit_stations_percent_change_from_baseline",0.548059201811007,1.25349650306633e-54,6.26971650634279e-144,1.03360844422143,"< 2.22e-16",2446
"2020","2020-09-11","2020-12-20","Hamburg","workplaces_percent_change_from_baseline + bl_mn_idx_t","workplaces_percent_change_from_baseline",1,0,0.169395092002393,1.03360844422143,"< 2.22e-16",2446
"2020","2020-09-11","2020-12-20","Hamburg","workplaces_percent_change_from_baseline + bl_mn_idx_t","residential_percent_change_from_baseline",0.546809779284864,5.78585909900458e-40,2.76954405887411e-155,1.03360844422143,"< 2.22e-16",2446
"2020","2020-02-15","2020-05-25","Saarland","workplaces_percent_change_from_baseline + bl_mn_idx_t","retail_and_recreation_percent_change_from_baseline",0.837847084183667,7.39610770912331e-299,0.10868485927988,1.62229950310496,"< 2.22e-16",384
"2020","2020-02-15","2020-05-25","Saarland","workplaces_percent_change_from_baseline + bl_mn_idx_t","grocery_and_pharmacy_percent_change_from_baseline",0.683251604496187,1.59385774997141e-223,2.30442819274767e-34,1.62229950310496,"< 2.22e-16",384
"2020","2020-02-15","2020-05-25","Saarland","workplaces_percent_change_from_baseline + bl_mn_idx_t","parks_percent_change_from_baseline",0.224002915747645,5.40430158351294e-29,0.0172449557678646,1.62229950310496,"< 2.22e-16",384
"2020","2020-02-15","2020-05-25","Saarland","workplaces_percent_change_from_baseline + bl_mn_idx_t","transit_stations_percent_change_from_baseline",0.901552179940152,0,1.11034345659778e-48,1.62229950310496,"< 2.22e-16",384
"2020","2020-02-15","2020-05-25","Saarland","workplaces_percent_change_from_baseline + bl_mn_idx_t","workplaces_percent_change_from_baseline",1,0,0.45136501288403,1.62229950310496,"< 2.22e-16",384
"2020","2020-02-15","2020-05-25","Saarland","workplaces_percent_change_from_baseline + bl_mn_idx_t","residential_percent_change_from_baseline",0.935137440836282,0,0.000317606767940733,1.62229950310496,"< 2.22e-16",384
"2020","2020-09-11","2020-12-20","Saarland","workplaces_percent_change_from_baseline + bl_mn_idx_t","retail_and_recreation_percent_change_from_baseline",0.437858826836218,8.95806163882863e-25,5.87662745585364e-128,1.00066099269158,"< 2.22e-16",384
"2020","2020-09-11","2020-12-20","Saarland","workplaces_percent_change_from_baseline + bl_mn_idx_t","grocery_and_pharmacy_percent_change_from_baseline",0.105357647886018,3.64777398556691e-29,0.696234896243228,1.00066099269158,"< 2.22e-16",384
"2020","2020-09-11","2020-12-20","Saarland","workplaces_percent_change_from_baseline + bl_mn_idx_t","parks_percent_change_from_baseline",0.161351380060398,9.8954479559645e-05,6.02916744776823e-43,1.00066099269158,"< 2.22e-16",384
"2020","2020-09-11","2020-12-20","Saarland","workplaces_percent_change_from_baseline + bl_mn_idx_t","transit_stations_percent_change_from_baseline",0.639594646781443,1.84530234910869e-174,5.79447443114487e-135,1.00066099269158,"< 2.22e-16",384
"2020","2020-09-11","2020-12-20","Saarland","workplaces_percent_change_from_baseline + bl_mn_idx_t","workplaces_percent_change_from_baseline",1,0,0.0871300808890466,1.00066099269158,"< 2.22e-16",384
"2020","2020-09-11","2020-12-20","Saarland","workplaces_percent_change_from_baseline + bl_mn_idx_t","residential_percent_change_from_baseline",0.555081159408306,4.56678515255189e-81,4.30761713379672e-152,1.00066099269158,"< 2.22e-16",384
"2020","2020-02-15","2020-05-25","Schleswig-Holstein","workplaces_percent_change_from_baseline + bl_mn_idx_t","retail_and_recreation_percent_change_from_baseline",0.739875971103034,1.189007831649e-200,3.00858056793416e-07,1.55286243465107,"< 2.22e-16",184
"2020","2020-02-15","2020-05-25","Schleswig-Holstein","workplaces_percent_change_from_baseline + bl_mn_idx_t","grocery_and_pharmacy_percent_change_from_baseline",0.622765312110409,2.93061019015805e-196,3.79651598467946e-37,1.55286243465107,"< 2.22e-16",184
"2020","2020-02-15","2020-05-25","Schleswig-Holstein","workplaces_percent_change_from_baseline + bl_mn_idx_t","parks_percent_change_from_baseline",0.0823330958713535,1.8410931336193e-16,0.0925812195249798,1.55286243465107,"< 2.22e-16",184
"2020","2020-02-15","2020-05-25","Schleswig-Holstein","workplaces_percent_change_from_baseline + bl_mn_idx_t","transit_stations_percent_change_from_baseline",0.788301021121787,5.41110579734778e-233,1.29563868656346e-11,1.55286243465107,"< 2.22e-16",184
"2020","2020-02-15","2020-05-25","Schleswig-Holstein","workplaces_percent_change_from_baseline + bl_mn_idx_t","workplaces_percent_change_from_baseline",1,0,0.133946321675802,1.55286243465107,"< 2.22e-16",184
"2020","2020-02-15","2020-05-25","Schleswig-Holstein","workplaces_percent_change_from_baseline + bl_mn_idx_t","residential_percent_change_from_baseline",0.921977250373485,0,6.7329117431696e-06,1.55286243465107,"< 2.22e-16",184
"2020","2020-09-11","2020-12-20","Schleswig-Holstein","workplaces_percent_change_from_baseline + bl_mn_idx_t","retail_and_recreation_percent_change_from_baseline",0.495083269032031,0.546640895881577,1.13737385069019e-169,1.00305525911093,"< 2.22e-16",184
"2020","2020-09-11","2020-12-20","Schleswig-Holstein","workplaces_percent_change_from_baseline + bl_mn_idx_t","grocery_and_pharmacy_percent_change_from_baseline",0.0955844537116952,2.53616567117598e-05,5.4012965067412e-22,1.00305525911093,"< 2.22e-16",184
"2020","2020-09-11","2020-12-20","Schleswig-Holstein","workplaces_percent_change_from_baseline + bl_mn_idx_t","parks_percent_change_from_baseline",0.373171992692005,0.00116077962862831,1.34723627210772e-116,1.00305525911093,"< 2.22e-16",184
"2020","2020-09-11","2020-12-20","Schleswig-Holstein","workplaces_percent_change_from_baseline + bl_mn_idx_t","transit_stations_percent_change_from_baseline",0.582365153386544,2.32976244387064e-80,1.84567548493479e-166,1.00305525911093,"< 2.22e-16",184
"2020","2020-09-11","2020-12-20","Schleswig-Holstein","workplaces_percent_change_from_baseline + bl_mn_idx_t","workplaces_percent_change_from_baseline",1,0,0.132618585702197,1.00305525911093,"< 2.22e-16",184
"2020","2020-09-11","2020-12-20","Schleswig-Holstein","workplaces_percent_change_from_baseline + bl_mn_idx_t","residential_percent_change_from_baseline",0.547281663007546,3.24074799295228e-50,4.3871102940498e-165,1.00305525911093,"< 2.22e-16",184
"2020","2020-02-15","2020-05-25","Baden-Württemberg","workplaces_percent_change_from_baseline + bl_mn_idx_t","retail_and_recreation_percent_change_from_baseline",0.77074339618304,2.19117518807221e-205,5.01262794601843e-15,1.61551194486591,"< 2.22e-16",311
"2020","2020-02-15","2020-05-25","Baden-Württemberg","workplaces_percent_change_from_baseline + bl_mn_idx_t","grocery_and_pharmacy_percent_change_from_baseline",0.612486819128945,9.90908209355685e-186,6.08892239748045e-30,1.61551194486591,"< 2.22e-16",311
"2020","2020-02-15","2020-05-25","Baden-Württemberg","workplaces_percent_change_from_baseline + bl_mn_idx_t","parks_percent_change_from_baseline",0.224125005663246,2.63282383577372e-43,0.0195368071050472,1.61551194486591,"< 2.22e-16",311
"2020","2020-02-15","2020-05-25","Baden-Württemberg","workplaces_percent_change_from_baseline + bl_mn_idx_t","transit_stations_percent_change_from_baseline",0.830823519365843,1.56141650475908e-240,1.09077375443713e-37,1.61551194486591,"< 2.22e-16",311
"2020","2020-02-15","2020-05-25","Baden-Württemberg","workplaces_percent_change_from_baseline + bl_mn_idx_t","workplaces_percent_change_from_baseline",1,0,0.36726065584438,1.61551194486591,"< 2.22e-16",311
"2020","2020-02-15","2020-05-25","Baden-Württemberg","workplaces_percent_change_from_baseline + bl_mn_idx_t","residential_percent_change_from_baseline",0.915972527841434,0,2.13357973558488e-18,1.61551194486591,"< 2.22e-16",311
"2020","2020-09-11","2020-12-20","Baden-Württemberg","workplaces_percent_change_from_baseline + bl_mn_idx_t","retail_and_recreation_percent_change_from_baseline",0.467657461600916,5.03002574437352e-06,4.99616201177446e-156,1.00165960997619,"< 2.22e-16",311
"2020","2020-09-11","2020-12-20","Baden-Württemberg","workplaces_percent_change_from_baseline + bl_mn_idx_t","grocery_and_pharmacy_percent_change_from_baseline",0.0861652740079628,3.19983779337414e-13,9.80418606866673e-14,1.00165960997619,"< 2.22e-16",311
"2020","2020-09-11","2020-12-20","Baden-Württemberg","workplaces_percent_change_from_baseline + bl_mn_idx_t","parks_percent_change_from_baseline",0.251671277344691,1.22976031782996e-08,2.05433177717065e-66,1.00165960997619,"< 2.22e-16",311
"2020","2020-09-11","2020-12-20","Baden-Württemberg","workplaces_percent_change_from_baseline + bl_mn_idx_t","transit_stations_percent_change_from_baseline",0.486406774061356,4.97190863805027e-59,1.38746281514309e-135,1.00165960997619,"< 2.22e-16",311
"2020","2020-09-11","2020-12-20","Baden-Württemberg","workplaces_percent_change_from_baseline + bl_mn_idx_t","workplaces_percent_change_from_baseline",1,0,0.199057997532661,1.00165960997619,"< 2.22e-16",311
"2020","2020-09-11","2020-12-20","Baden-Württemberg","workplaces_percent_change_from_baseline + bl_mn_idx_t","residential_percent_change_from_baseline",0.450645158482186,8.48559002988805e-20,1.29872245071529e-141,1.00165960997619,"< 2.22e-16",311
"2020","2020-02-15","2020-05-25","Brandenburg","workplaces_percent_change_from_baseline + bl_mn_idx_t","retail_and_recreation_percent_change_from_baseline",0.709635519232653,5.35665204694451e-185,1.19429413075503e-10,1.4454580709031,"< 2.22e-16",85
"2020","2020-02-15","2020-05-25","Brandenburg","workplaces_percent_change_from_baseline + bl_mn_idx_t","grocery_and_pharmacy_percent_change_from_baseline",0.598205867076513,1.25500896641297e-187,7.59655952617317e-36,1.4454580709031,"< 2.22e-16",85
"2020","2020-02-15","2020-05-25","Brandenburg","workplaces_percent_change_from_baseline + bl_mn_idx_t","parks_percent_change_from_baseline",0.164759149076379,2.61986808967182e-35,0.00290444107431779,1.4454580709031,"< 2.22e-16",85
"2020","2020-02-15","2020-05-25","Brandenburg","workplaces_percent_change_from_baseline + bl_mn_idx_t","transit_stations_percent_change_from_baseline",0.738723800093995,2.31103260057195e-186,3.1076943109152e-25,1.4454580709031,"< 2.22e-16",85
"2020","2020-02-15","2020-05-25","Brandenburg","workplaces_percent_change_from_baseline + bl_mn_idx_t","workplaces_percent_change_from_baseline",1,0,0.240420807156096,1.4454580709031,"< 2.22e-16",85
"2020","2020-02-15","2020-05-25","Brandenburg","workplaces_percent_change_from_baseline + bl_mn_idx_t","residential_percent_change_from_baseline",0.894540952925142,0,0.000158511288004838,1.4454580709031,"< 2.22e-16",85
"2020","2020-09-11","2020-12-20","Brandenburg","workplaces_percent_change_from_baseline + bl_mn_idx_t","retail_and_recreation_percent_change_from_baseline",0.440097509417588,1.67855931134019e-11,4.50121841404558e-139,1.00000408132798,"< 2.22e-16",85
"2020","2020-09-11","2020-12-20","Brandenburg","workplaces_percent_change_from_baseline + bl_mn_idx_t","grocery_and_pharmacy_percent_change_from_baseline",0.090394687601637,4.42027595664508e-24,0.0201237084057304,1.00000408132798,"< 2.22e-16",85
"2020","2020-09-11","2020-12-20","Brandenburg","workplaces_percent_change_from_baseline + bl_mn_idx_t","parks_percent_change_from_baseline",0.329523704175437,0.000263134391367688,1.88184235252366e-98,1.00000408132798,"< 2.22e-16",85
"2020","2020-09-11","2020-12-20","Brandenburg","workplaces_percent_change_from_baseline + bl_mn_idx_t","transit_stations_percent_change_from_baseline",0.588216448411109,1.5797464518231e-134,1.39500275408573e-134,1.00000408132798,"< 2.22e-16",85
"2020","2020-09-11","2020-12-20","Brandenburg","workplaces_percent_change_from_baseline + bl_mn_idx_t","workplaces_percent_change_from_baseline",1,0,0.17409072378846,1.00000408132798,"< 2.22e-16",85
"2020","2020-09-11","2020-12-20","Brandenburg","workplaces_percent_change_from_baseline + bl_mn_idx_t","residential_percent_change_from_baseline",0.559937189982577,1.20172453085194e-75,7.1913174209009e-163,1.00000408132798,"< 2.22e-16",85
"2020","2020-02-15","2020-05-25","Hessen","workplaces_percent_change_from_baseline + bl_mn_idx_t","retail_and_recreation_percent_change_from_baseline",0.822948284569544,8.93196164290726e-258,2.01729592083928e-08,1.69587509713461,"< 2.22e-16",298
"2020","2020-02-15","2020-05-25","Hessen","workplaces_percent_change_from_baseline + bl_mn_idx_t","grocery_and_pharmacy_percent_change_from_baseline",0.593391554716729,1.11969090294073e-174,3.39213432175459e-30,1.69587509713461,"< 2.22e-16",298
"2020","2020-02-15","2020-05-25","Hessen","workplaces_percent_change_from_baseline + bl_mn_idx_t","parks_percent_change_from_baseline",0.188059502273483,1.3534108776403e-22,0.0315728196787583,1.69587509713461,"< 2.22e-16",298
"2020","2020-02-15","2020-05-25","Hessen","workplaces_percent_change_from_baseline + bl_mn_idx_t","transit_stations_percent_change_from_baseline",0.892843942394851,1.6519530294244e-291,6.5766200357511e-84,1.69587509713461,"< 2.22e-16",298
"2020","2020-02-15","2020-05-25","Hessen","workplaces_percent_change_from_baseline + bl_mn_idx_t","workplaces_percent_change_from_baseline",1,0,0.468924773630267,1.69587509713461,"< 2.22e-16",298
"2020","2020-02-15","2020-05-25","Hessen","workplaces_percent_change_from_baseline + bl_mn_idx_t","residential_percent_change_from_baseline",0.933623874866916,0,4.56236670347828e-07,1.69587509713461,"< 2.22e-16",298
"2020","2020-09-11","2020-12-20","Hessen","workplaces_percent_change_from_baseline + bl_mn_idx_t","retail_and_recreation_percent_change_from_baseline",0.478425174710236,7.80537457810575e-20,6.0455843010934e-145,1.00904282368811,"< 2.22e-16",298
"2020","2020-09-11","2020-12-20","Hessen","workplaces_percent_change_from_baseline + bl_mn_idx_t","grocery_and_pharmacy_percent_change_from_baseline",0.0597047331914064,7.02734725946747e-17,0.571555248155957,1.00904282368811,"7.1482e-16",298
"2020","2020-09-11","2020-12-20","Hessen","workplaces_percent_change_from_baseline + bl_mn_idx_t","parks_percent_change_from_baseline",0.238545244160141,4.00050601580776e-17,1.45561307312692e-51,1.00904282368811,"< 2.22e-16",298
"2020","2020-09-11","2020-12-20","Hessen","workplaces_percent_change_from_baseline + bl_mn_idx_t","transit_stations_percent_change_from_baseline",0.536784333786746,1.20471006255934e-57,5.30549894985644e-148,1.00904282368811,"< 2.22e-16",298
"2020","2020-09-11","2020-12-20","Hessen","workplaces_percent_change_from_baseline + bl_mn_idx_t","workplaces_percent_change_from_baseline",1,0,0.171994487690992,1.00904282368811,"< 2.22e-16",298
"2020","2020-09-11","2020-12-20","Hessen","workplaces_percent_change_from_baseline + bl_mn_idx_t","residential_percent_change_from_baseline",0.526386807126875,3.12115803283088e-43,8.65153806684988e-153,1.00904282368811,"< 2.22e-16",298
"2020","2020-02-15","2020-05-25","Mecklenburg-Vorpommern","workplaces_percent_change_from_baseline + bl_mn_idx_t","retail_and_recreation_percent_change_from_baseline",0.783731331327353,1.34380424012057e-221,1.68374756328126e-33,1.40966533877553,"< 2.22e-16",69
"2020","2020-02-15","2020-05-25","Mecklenburg-Vorpommern","workplaces_percent_change_from_baseline + bl_mn_idx_t","grocery_and_pharmacy_percent_change_from_baseline",0.677411887546673,4.18661687144548e-229,7.06587813044615e-33,1.40966533877553,"< 2.22e-16",69
"2020","2020-02-15","2020-05-25","Mecklenburg-Vorpommern","workplaces_percent_change_from_baseline + bl_mn_idx_t","parks_percent_change_from_baseline",0.0220854303020704,0.378760596875841,2.09551898075115e-05,1.45609195464569,"2.2855e-05",69
"2020","2020-02-15","2020-05-25","Mecklenburg-Vorpommern","workplaces_percent_change_from_baseline + bl_mn_idx_t","transit_stations_percent_change_from_baseline",0.741284248036875,5.37677342000073e-181,1.91419896040525e-36,1.40966533877553,"< 2.22e-16",69
"2020","2020-02-15","2020-05-25","Mecklenburg-Vorpommern","workplaces_percent_change_from_baseline + bl_mn_idx_t","workplaces_percent_change_from_baseline",1,0,0.25989566869466,1.40966533877553,"< 2.22e-16",69
"2020","2020-02-15","2020-05-25","Mecklenburg-Vorpommern","workplaces_percent_change_from_baseline + bl_mn_idx_t","residential_percent_change_from_baseline",0.857223470698744,0,0.0399980616059609,1.40966533877553,"< 2.22e-16",69
"2020","2020-09-11","2020-12-20","Mecklenburg-Vorpommern","workplaces_percent_change_from_baseline + bl_mn_idx_t","retail_and_recreation_percent_change_from_baseline",0.540956682130583,1.38369974000657e-11,1.68209885622969e-163,1.09086142864934,"< 2.22e-16",69
"2020","2020-09-11","2020-12-20","Mecklenburg-Vorpommern","workplaces_percent_change_from_baseline + bl_mn_idx_t","grocery_and_pharmacy_percent_change_from_baseline",0.418494094310151,3.57743858446302e-15,6.97594382713579e-103,1.09086142864934,"< 2.22e-16",69
"2020","2020-09-11","2020-12-20","Mecklenburg-Vorpommern","workplaces_percent_change_from_baseline + bl_mn_idx_t","parks_percent_change_from_baseline",0.42658378038601,0.000322543327092318,4.29938209067239e-121,1.09086142864934,"< 2.22e-16",69
"2020","2020-09-11","2020-12-20","Mecklenburg-Vorpommern","workplaces_percent_change_from_baseline + bl_mn_idx_t","transit_stations_percent_change_from_baseline",0.552552896811652,4.51432464058356e-33,1.15889611930553e-147,1.09086142864934,"< 2.22e-16",69
"2020","2020-09-11","2020-12-20","Mecklenburg-Vorpommern","workplaces_percent_change_from_baseline + bl_mn_idx_t","workplaces_percent_change_from_baseline",1,0,0.159836209208794,1.09086142864934,"< 2.22e-16",69
"2020","2020-09-11","2020-12-20","Mecklenburg-Vorpommern","workplaces_percent_change_from_baseline + bl_mn_idx_t","residential_percent_change_from_baseline",0.555283728035533,7.71191469700542e-50,1.81746416865128e-133,1.09086142864934,"< 2.22e-16",69
"2020","2020-02-15","2020-05-25","Lower Saxony","workplaces_percent_change_from_baseline + bl_mn_idx_t","retail_and_recreation_percent_change_from_baseline",0.757645859632492,5.86941957133645e-214,2.33894407514284e-05,1.59406337317465,"< 2.22e-16",168
"2020","2020-02-15","2020-05-25","Lower Saxony","workplaces_percent_change_from_baseline + bl_mn_idx_t","grocery_and_pharmacy_percent_change_from_baseline",0.624987662529904,1.61651729473278e-192,2.90332609308946e-30,1.59406337317465,"< 2.22e-16",168
"2020","2020-02-15","2020-05-25","Lower Saxony","workplaces_percent_change_from_baseline + bl_mn_idx_t","parks_percent_change_from_baseline",0.133171995469167,2.61716365615378e-21,0.975410573620898,1.59406337317465,"< 2.22e-16",168
"2020","2020-02-15","2020-05-25","Lower Saxony","workplaces_percent_change_from_baseline + bl_mn_idx_t","transit_stations_percent_change_from_baseline",0.814324675635144,1.82954906022183e-246,2.62835237588534e-17,1.59406337317465,"< 2.22e-16",168
"2020","2020-02-15","2020-05-25","Lower Saxony","workplaces_percent_change_from_baseline + bl_mn_idx_t","workplaces_percent_change_from_baseline",1,0,0.41062033040465,1.59406337317465,"< 2.22e-16",168
"2020","2020-02-15","2020-05-25","Lower Saxony","workplaces_percent_change_from_baseline + bl_mn_idx_t","residential_percent_change_from_baseline",0.919481334108071,0,1.47429550941493e-07,1.59406337317465,"< 2.22e-16",168
"2020","2020-09-11","2020-12-20","Lower Saxony","workplaces_percent_change_from_baseline + bl_mn_idx_t","retail_and_recreation_percent_change_from_baseline",0.452420230086759,0.00281293008609694,7.40672451417201e-150,1.00099313691374,"< 2.22e-16",168
"2020","2020-09-11","2020-12-20","Lower Saxony","workplaces_percent_change_from_baseline + bl_mn_idx_t","grocery_and_pharmacy_percent_change_from_baseline",0.0552779061458456,1.95603860141647e-12,3.17137834575185e-05,1.00099313691374,"1.0227e-14",168
"2020","2020-09-11","2020-12-20","Lower Saxony","workplaces_percent_change_from_baseline + bl_mn_idx_t","parks_percent_change_from_baseline",0.39769634174712,2.62464259522037e-14,3.7895394874824e-117,1.00099313691374,"< 2.22e-16",168
"2020","2020-09-11","2020-12-20","Lower Saxony","workplaces_percent_change_from_baseline + bl_mn_idx_t","transit_stations_percent_change_from_baseline",0.516936483451391,6.15293149504062e-61,1.25275094666934e-150,1.00099313691374,"< 2.22e-16",168
"2020","2020-09-11","2020-12-20","Lower Saxony","workplaces_percent_change_from_baseline + bl_mn_idx_t","workplaces_percent_change_from_baseline",1,0,0.160497424689046,1.00099313691374,"< 2.22e-16",168
"2020","2020-09-11","2020-12-20","Lower Saxony","workplaces_percent_change_from_baseline + bl_mn_idx_t","residential_percent_change_from_baseline",0.514687049340214,1.02465405633421e-56,4.2586446315378e-152,1.00099313691374,"< 2.22e-16",168
"2020","2020-02-15","2020-05-25","North Rhine-Westphalia","workplaces_percent_change_from_baseline + bl_mn_idx_t","retail_and_recreation_percent_change_from_baseline",0.794327502878424,4.76335448474083e-254,0.0185477335877437,1.58427312998011,"< 2.22e-16",526
"2020","2020-02-15","2020-05-25","North Rhine-Westphalia","workplaces_percent_change_from_baseline + bl_mn_idx_t","grocery_and_pharmacy_percent_change_from_baseline",0.591098616573208,2.82688363803488e-179,5.10354452044524e-34,1.58427312998011,"< 2.22e-16",526
"2020","2020-02-15","2020-05-25","North Rhine-Westphalia","workplaces_percent_change_from_baseline + bl_mn_idx_t","parks_percent_change_from_baseline",0.328796875878857,6.86543310487873e-47,0.00122547266265362,1.58427312998011,"< 2.22e-16",526
"2020","2020-02-15","2020-05-25","North Rhine-Westphalia","workplaces_percent_change_from_baseline + bl_mn_idx_t","transit_stations_percent_change_from_baseline",0.858721801009905,5.38642811299767e-291,1.92560542893179e-29,1.58427312998011,"< 2.22e-16",526
"2020","2020-02-15","2020-05-25","North Rhine-Westphalia","workplaces_percent_change_from_baseline + bl_mn_idx_t","workplaces_percent_change_from_baseline",1,0,0.441620871849989,1.58427312998011,"< 2.22e-16",526
"2020","2020-02-15","2020-05-25","North Rhine-Westphalia","workplaces_percent_change_from_baseline + bl_mn_idx_t","residential_percent_change_from_baseline",0.921287189509867,0,2.73687945854553e-05,1.58427312998011,"< 2.22e-16",526
"2020","2020-09-11","2020-12-20","North Rhine-Westphalia","workplaces_percent_change_from_baseline + bl_mn_idx_t","retail_and_recreation_percent_change_from_baseline",0.429909084468711,3.84772358951423e-10,1.11717066168401e-137,1.00319311670709,"< 2.22e-16",526
"2020","2020-09-11","2020-12-20","North Rhine-Westphalia","workplaces_percent_change_from_baseline + bl_mn_idx_t","grocery_and_pharmacy_percent_change_from_baseline",0.0480549438444471,2.34909456100423e-12,0.0261680862585786,1.00319311670709,"7.6495e-13",526
"2020","2020-09-11","2020-12-20","North Rhine-Westphalia","workplaces_percent_change_from_baseline + bl_mn_idx_t","parks_percent_change_from_baseline",0.109818019592563,0.833299574687252,2.40369852686869e-30,1.00319311670709,"< 2.22e-16",526
"2020","2020-09-11","2020-12-20","North Rhine-Westphalia","workplaces_percent_change_from_baseline + bl_mn_idx_t","transit_stations_percent_change_from_baseline",0.532807437590959,2.24086553071266e-143,1.77259563428933e-89,1.00319311670709,"< 2.22e-16",526
"2020","2020-09-11","2020-12-20","North Rhine-Westphalia","workplaces_percent_change_from_baseline + bl_mn_idx_t","workplaces_percent_change_from_baseline",1,0,0.142107738217042,1.00319311670709,"< 2.22e-16",526
"2020","2020-09-11","2020-12-20","North Rhine-Westphalia","workplaces_percent_change_from_baseline + bl_mn_idx_t","residential_percent_change_from_baseline",0.514911195213665,1.49783362845445e-67,5.0447595144007e-148,1.00319311670709,"< 2.22e-16",526
"2020","2020-02-15","2020-05-25","Rhineland-Palatinate","workplaces_percent_change_from_baseline + bl_mn_idx_t","retail_and_recreation_percent_change_from_baseline",0.774061948632983,2.19396360525863e-233,0.000404112441987313,1.56308792875931,"< 2.22e-16",206
"2020","2020-02-15","2020-05-25","Rhineland-Palatinate","workplaces_percent_change_from_baseline + bl_mn_idx_t","grocery_and_pharmacy_percent_change_from_baseline",0.62315809681149,3.67095300511779e-194,6.61184766767811e-33,1.56308792875931,"< 2.22e-16",206
"2020","2020-02-15","2020-05-25","Rhineland-Palatinate","workplaces_percent_change_from_baseline + bl_mn_idx_t","parks_percent_change_from_baseline",0.172656880599925,2.5245912216637e-30,0.441451134566401,1.56308792875931,"< 2.22e-16",206
"2020","2020-02-15","2020-05-25","Rhineland-Palatinate","workplaces_percent_change_from_baseline + bl_mn_idx_t","transit_stations_percent_change_from_baseline",0.830652071331855,3.86615699890582e-228,1.93877864328721e-58,1.56308792875931,"< 2.22e-16",206
"2020","2020-02-15","2020-05-25","Rhineland-Palatinate","workplaces_percent_change_from_baseline + bl_mn_idx_t","workplaces_percent_change_from_baseline",1,0,0.398249490544912,1.56308792875931,"< 2.22e-16",206
"2020","2020-02-15","2020-05-25","Rhineland-Palatinate","workplaces_percent_change_from_baseline + bl_mn_idx_t","residential_percent_change_from_baseline",0.92603848543916,0,5.97225977894773e-07,1.56308792875931,"< 2.22e-16",206
"2020","2020-09-11","2020-12-20","Rhineland-Palatinate","workplaces_percent_change_from_baseline + bl_mn_idx_t","retail_and_recreation_percent_change_from_baseline",0.480925953342623,3.78505605973268e-10,2.55088045485621e-158,1.00018534805152,"< 2.22e-16",206
"2020","2020-09-11","2020-12-20","Rhineland-Palatinate","workplaces_percent_change_from_baseline + bl_mn_idx_t","grocery_and_pharmacy_percent_change_from_baseline",0.0657288998915077,4.03583436485407e-16,0.00108273270298169,1.00018534805152,"< 2.22e-16",206
"2020","2020-09-11","2020-12-20","Rhineland-Palatinate","workplaces_percent_change_from_baseline + bl_mn_idx_t","parks_percent_change_from_baseline",0.326828691137688,1.28748055662967e-05,4.8397103267249e-97,1.00018534805152,"< 2.22e-16",206
"2020","2020-09-11","2020-12-20","Rhineland-Palatinate","workplaces_percent_change_from_baseline + bl_mn_idx_t","transit_stations_percent_change_from_baseline",0.509954527454022,4.82327582375462e-69,8.32781361634489e-135,1.00018534805152,"< 2.22e-16",206
"2020","2020-09-11","2020-12-20","Rhineland-Palatinate","workplaces_percent_change_from_baseline + bl_mn_idx_t","workplaces_percent_change_from_baseline",1,0,0.158539570612175,1.00018534805152,"< 2.22e-16",206
"2020","2020-09-11","2020-12-20","Rhineland-Palatinate","workplaces_percent_change_from_baseline + bl_mn_idx_t","residential_percent_change_from_baseline",0.52626091589179,1.5275633026621e-60,9.30231375854613e-151,1.00018534805152,"< 2.22e-16",206
"2020","2020-02-15","2020-05-25","Saxony-Anhalt","workplaces_percent_change_from_baseline + bl_mn_idx_t","retail_and_recreation_percent_change_from_baseline",0.734134220564691,7.73255743026372e-200,3.50935276084059e-24,1.33112071982175,"< 2.22e-16",107
"2020","2020-02-15","2020-05-25","Saxony-Anhalt","workplaces_percent_change_from_baseline + bl_mn_idx_t","grocery_and_pharmacy_percent_change_from_baseline",0.673848212758359,1.13588377020151e-227,2.71372418242401e-25,1.33112071982176,"< 2.22e-16",107
"2020","2020-02-15","2020-05-25","Saxony-Anhalt","workplaces_percent_change_from_baseline + bl_mn_idx_t","parks_percent_change_from_baseline",0.184988626993181,2.29684039028519e-35,0.934333217401282,1.33112071982176,"< 2.22e-16",107
"2020","2020-02-15","2020-05-25","Saxony-Anhalt","workplaces_percent_change_from_baseline + bl_mn_idx_t","transit_stations_percent_change_from_baseline",0.762794770407364,3.73582855763748e-207,5.72226652092107e-41,1.33112071982176,"< 2.22e-16",107
"2020","2020-02-15","2020-05-25","Saxony-Anhalt","workplaces_percent_change_from_baseline + bl_mn_idx_t","workplaces_percent_change_from_baseline",1,0,0.265292432620722,1.33112071982176,"< 2.22e-16",107
"2020","2020-02-15","2020-05-25","Saxony-Anhalt","workplaces_percent_change_from_baseline + bl_mn_idx_t","residential_percent_change_from_baseline",0.860641942626924,0,0.00104468253743705,1.33112071982176,"< 2.22e-16",107
"2020","2020-09-11","2020-12-20","Saxony-Anhalt","workplaces_percent_change_from_baseline + bl_mn_idx_t","retail_and_recreation_percent_change_from_baseline",0.413736383717614,1.4380972209458e-16,4.62257448890888e-122,1.00135795615706,"< 2.22e-16",107
"2020","2020-09-11","2020-12-20","Saxony-Anhalt","workplaces_percent_change_from_baseline + bl_mn_idx_t","grocery_and_pharmacy_percent_change_from_baseline",0.10658378899886,1.8380478580864e-29,0.68754080440296,1.00135795615706,"< 2.22e-16",107
"2020","2020-09-11","2020-12-20","Saxony-Anhalt","workplaces_percent_change_from_baseline + bl_mn_idx_t","parks_percent_change_from_baseline",0.341928363487762,8.02789163097718e-07,1.14405793269314e-102,1.00135795615706,"< 2.22e-16",107
"2020","2020-09-11","2020-12-20","Saxony-Anhalt","workplaces_percent_change_from_baseline + bl_mn_idx_t","transit_stations_percent_change_from_baseline",0.566479360824092,4.49231048511046e-85,6.36199479086698e-155,1.00135795615706,"< 2.22e-16",107
"2020","2020-09-11","2020-12-20","Saxony-Anhalt","workplaces_percent_change_from_baseline + bl_mn_idx_t","workplaces_percent_change_from_baseline",1,0,0.158332836442456,1.00135795615706,"< 2.22e-16",107
"2020","2020-09-11","2020-12-20","Saxony-Anhalt","workplaces_percent_change_from_baseline + bl_mn_idx_t","residential_percent_change_from_baseline",0.514079988525186,2.31277957530722e-45,2.1143480835429e-151,1.00135795615706,"< 2.22e-16",107
"2020","2020-02-15","2020-05-25","Saxony","workplaces_percent_change_from_baseline + bl_mn_idx_t","retail_and_recreation_percent_change_from_baseline",0.741085228786029,2.75997809611658e-187,9.07466084030822e-30,1.4142679514126,"< 2.22e-16",221
"2020","2020-02-15","2020-05-25","Saxony","workplaces_percent_change_from_baseline + bl_mn_idx_t","grocery_and_pharmacy_percent_change_from_baseline",0.678442541390462,1.90817457146446e-228,1.93552990405676e-30,1.4142679514126,"< 2.22e-16",221
"2020","2020-02-15","2020-05-25","Saxony","workplaces_percent_change_from_baseline + bl_mn_idx_t","parks_percent_change_from_baseline",0.145972714904264,1.18844127366281e-22,0.172237583848708,1.4142679514126,"< 2.22e-16",221
"2020","2020-02-15","2020-05-25","Saxony","workplaces_percent_change_from_baseline + bl_mn_idx_t","transit_stations_percent_change_from_baseline",0.731052308619267,1.71489034311511e-182,4.29681013773798e-27,1.4142679514126,"< 2.22e-16",221
"2020","2020-02-15","2020-05-25","Saxony","workplaces_percent_change_from_baseline + bl_mn_idx_t","workplaces_percent_change_from_baseline",1,0,0.274095234328982,1.4142679514126,"< 2.22e-16",221
"2020","2020-02-15","2020-05-25","Saxony","workplaces_percent_change_from_baseline + bl_mn_idx_t","residential_percent_change_from_baseline",0.837000343868145,1.23514514248232e-315,0.000936376655194704,1.4142679514126,"< 2.22e-16",221
"2020","2020-09-11","2020-12-20","Saxony","workplaces_percent_change_from_baseline + bl_mn_idx_t","retail_and_recreation_percent_change_from_baseline",0.633140030420992,4.64608742140664e-129,3.93084074048977e-156,1.01129724611903,"< 2.22e-16",221
"2020","2020-09-11","2020-12-20","Saxony","workplaces_percent_change_from_baseline + bl_mn_idx_t","grocery_and_pharmacy_percent_change_from_baseline",0.513758312943526,3.84432445759299e-179,0.117313865393486,1.01129724611903,"< 2.22e-16",221
"2020","2020-09-11","2020-12-20","Saxony","workplaces_percent_change_from_baseline + bl_mn_idx_t","parks_percent_change_from_baseline",0.247815967642593,0.000297358788271262,1.08448177570621e-71,1.01129724611903,"< 2.22e-16",221
"2020","2020-09-11","2020-12-20","Saxony","workplaces_percent_change_from_baseline + bl_mn_idx_t","transit_stations_percent_change_from_baseline",0.676299552685083,1.65515571252743e-183,3.08619152258845e-144,1.01129724611903,"< 2.22e-16",221
"2020","2020-09-11","2020-12-20","Saxony","workplaces_percent_change_from_baseline + bl_mn_idx_t","workplaces_percent_change_from_baseline",1,0,0.162205145013683,1.01129724611903,"< 2.22e-16",221
"2020","2020-09-11","2020-12-20","Saxony","workplaces_percent_change_from_baseline + bl_mn_idx_t","residential_percent_change_from_baseline",0.694497639102369,5.37656075904705e-194,3.19806896726095e-154,1.01129724611903,"< 2.22e-16",221
"2020","2020-02-15","2020-05-25","Thuringia","workplaces_percent_change_from_baseline + bl_mn_idx_t","retail_and_recreation_percent_change_from_baseline",0.748524322486666,2.26948159978031e-211,7.7753167841433e-18,1.38159550147768,"< 2.22e-16",132
"2020","2020-02-15","2020-05-25","Thuringia","workplaces_percent_change_from_baseline + bl_mn_idx_t","grocery_and_pharmacy_percent_change_from_baseline",0.667946607557262,8.28720838359583e-224,4.39861905648472e-30,1.38159550147768,"< 2.22e-16",132
"2020","2020-02-15","2020-05-25","Thuringia","workplaces_percent_change_from_baseline + bl_mn_idx_t","parks_percent_change_from_baseline",0.196184154951997,2.47784720815564e-33,0.26843469890552,1.38159550147768,"< 2.22e-16",132
"2020","2020-02-15","2020-05-25","Thuringia","workplaces_percent_change_from_baseline + bl_mn_idx_t","transit_stations_percent_change_from_baseline",0.665365315381591,1.02196247381044e-156,3.50119491111809e-16,1.38159550147768,"< 2.22e-16",132
"2020","2020-02-15","2020-05-25","Thuringia","workplaces_percent_change_from_baseline + bl_mn_idx_t","workplaces_percent_change_from_baseline",1,0,0.23425439149426,1.38159550147768,"< 2.22e-16",132
"2020","2020-02-15","2020-05-25","Thuringia","workplaces_percent_change_from_baseline + bl_mn_idx_t","residential_percent_change_from_baseline",0.854577979185497,0,0.000901346471648311,1.38159550147768,"< 2.22e-16",132
"2020","2020-09-11","2020-12-20","Thuringia","workplaces_percent_change_from_baseline + bl_mn_idx_t","retail_and_recreation_percent_change_from_baseline",0.425535223943117,2.29570907890942e-11,5.08981197965897e-134,1.00072881095122,"< 2.22e-16",132
"2020","2020-09-11","2020-12-20","Thuringia","workplaces_percent_change_from_baseline + bl_mn_idx_t","grocery_and_pharmacy_percent_change_from_baseline",0.0298513355601687,6.38771380044139e-07,0.00113805205773141,1.00072881095122,"3.4986e-08",132
"2020","2020-09-11","2020-12-20","Thuringia","workplaces_percent_change_from_baseline + bl_mn_idx_t","parks_percent_change_from_baseline",0.319243548550485,0.729992395443577,1.41332325558592e-96,1.00072881095122,"< 2.22e-16",132
"2020","2020-09-11","2020-12-20","Thuringia","workplaces_percent_change_from_baseline + bl_mn_idx_t","transit_stations_percent_change_from_baseline",0.61492765060313,1.03012189750791e-159,7.76737349641334e-139,1.00072881095122,"< 2.22e-16",132
"2020","2020-09-11","2020-12-20","Thuringia","workplaces_percent_change_from_baseline + bl_mn_idx_t","workplaces_percent_change_from_baseline",1,0,0.160275095052572,1.00072881095122,"< 2.22e-16",132
"2020","2020-09-11","2020-12-20","Thuringia","workplaces_percent_change_from_baseline + bl_mn_idx_t","residential_percent_change_from_baseline",0.543951483044466,1.36292880339217e-76,6.4635456953911e-156,1.00072881095122,"< 2.22e-16",132
"2020","2020-02-15","2020-05-25","Bremen","workplaces_percent_change_from_baseline + bl_mn_idx_t","retail_and_recreation_percent_change_from_baseline",0.8650916031027,3.04537914159148e-293,1.43789269000901e-25,1.67191173403391,"< 2.22e-16",1624
"2020","2020-02-15","2020-05-25","Bremen","workplaces_percent_change_from_baseline + bl_mn_idx_t","grocery_and_pharmacy_percent_change_from_baseline",0.567031426671375,4.99788230374333e-166,4.43672961116575e-33,1.67191173403391,"< 2.22e-16",1624
"2020","2020-02-15","2020-05-25","Bremen","workplaces_percent_change_from_baseline + bl_mn_idx_t","parks_percent_change_from_baseline",0.0899003454582042,3.27993766133739e-09,0.0261820771315612,1.67191173403391,"< 2.22e-16",1624
"2020","2020-02-15","2020-05-25","Bremen","workplaces_percent_change_from_baseline + bl_mn_idx_t","transit_stations_percent_change_from_baseline",0.904127908658443,0,6.85620440746823e-57,1.67191173403391,"< 2.22e-16",1624
"2020","2020-02-15","2020-05-25","Bremen","workplaces_percent_change_from_baseline + bl_mn_idx_t","workplaces_percent_change_from_baseline",1,0,0.414966850735639,1.67191173403391,"< 2.22e-16",1624
"2020","2020-02-15","2020-05-25","Bremen","workplaces_percent_change_from_baseline + bl_mn_idx_t","residential_percent_change_from_baseline",0.925309941842068,0,6.46357717962814e-05,1.67191173403391,"< 2.22e-16",1624
"2020","2020-09-11","2020-12-20","Bremen","workplaces_percent_change_from_baseline + bl_mn_idx_t","retail_and_recreation_percent_change_from_baseline",0.4772143197756,3.45009677547687e-16,5.20476659655383e-152,1.00083267339604,"< 2.22e-16",1624
"2020","2020-09-11","2020-12-20","Bremen","workplaces_percent_change_from_baseline + bl_mn_idx_t","grocery_and_pharmacy_percent_change_from_baseline",0.134227753319476,2.3696334621895e-37,0.446931286432008,1.00083267339604,"< 2.22e-16",1624
"2020","2020-09-11","2020-12-20","Bremen","workplaces_percent_change_from_baseline + bl_mn_idx_t","parks_percent_change_from_baseline",0.187074032324622,0.151501155884509,2.63325445565193e-52,1.00083267339604,"< 2.22e-16",1624
"2020","2020-09-11","2020-12-20","Bremen","workplaces_percent_change_from_baseline + bl_mn_idx_t","transit_stations_percent_change_from_baseline",0.436644468782232,5.1308425431379e-68,9.50323322558941e-93,1.00083267339604,"< 2.22e-16",1624
"2020","2020-09-11","2020-12-20","Bremen","workplaces_percent_change_from_baseline + bl_mn_idx_t","workplaces_percent_change_from_baseline",1,0,0.166804051836471,1.00083267339604,"< 2.22e-16",1624
"2020","2020-09-11","2020-12-20","Bremen","workplaces_percent_change_from_baseline + bl_mn_idx_t","residential_percent_change_from_baseline",0.549991049772594,8.86410455652982e-87,1.04529771124954e-143,1.00083267339604,"< 2.22e-16",1624
"2021","2021-02-15","2021-05-25","Berlin","workplaces_percent_change_from_baseline + bl_mn_idx_t","retail_and_recreation_percent_change_from_baseline",0.602222280604462,5.73778569889455e-229,3.00553992186772e-07,1.00057436521855,"< 2.22e-16",4118
"2021","2021-02-15","2021-05-25","Berlin","workplaces_percent_change_from_baseline + bl_mn_idx_t","grocery_and_pharmacy_percent_change_from_baseline",0.809715423727679,0,0.873730590562165,1.00057436521855,"< 2.22e-16",4118
"2021","2021-02-15","2021-05-25","Berlin","workplaces_percent_change_from_baseline + bl_mn_idx_t","parks_percent_change_from_baseline",0.0102197307800027,0.319494896318926,0.000927904855164723,1.00057436521855,"0.0027355",4118
"2021","2021-02-15","2021-05-25","Berlin","workplaces_percent_change_from_baseline + bl_mn_idx_t","transit_stations_percent_change_from_baseline",0.711087892786118,1.49719158608766e-308,7.90965180538456e-10,1.00057436521855,"< 2.22e-16",4118
"2021","2021-02-15","2021-05-25","Berlin","workplaces_percent_change_from_baseline + bl_mn_idx_t","workplaces_percent_change_from_baseline",1,0,0.776188040556883,1.00057436521855,"< 2.22e-16",4118
"2021","2021-02-15","2021-05-25","Berlin","workplaces_percent_change_from_baseline + bl_mn_idx_t","residential_percent_change_from_baseline",0.671027489242572,1.62862853886081e-276,5.75127137045846e-08,1.00057436521855,"< 2.22e-16",4118
"2021","2021-09-11","2021-12-20","Berlin","workplaces_percent_change_from_baseline + bl_mn_idx_t","retail_and_recreation_percent_change_from_baseline",0.042940813033564,2.2539342222099e-12,0.485319795561636,1.0000011461497,"1.5916e-11",4118
"2021","2021-09-11","2021-12-20","Berlin","workplaces_percent_change_from_baseline + bl_mn_idx_t","grocery_and_pharmacy_percent_change_from_baseline",0.288423345431604,9.77588157279069e-86,0.539459021108129,1.0000011461497,"< 2.22e-16",4118
"2021","2021-09-11","2021-12-20","Berlin","workplaces_percent_change_from_baseline + bl_mn_idx_t","parks_percent_change_from_baseline",0.0104444382268825,0.00101877899056129,0.290923289705112,1.0000011461497,"0.0026113",4118
"2021","2021-09-11","2021-12-20","Berlin","workplaces_percent_change_from_baseline + bl_mn_idx_t","transit_stations_percent_change_from_baseline",0.271006133621394,1.14106653146946e-79,0.294984202190295,1.0000011461497,"< 2.22e-16",4118
"2021","2021-09-11","2021-12-20","Berlin","workplaces_percent_change_from_baseline + bl_mn_idx_t","workplaces_percent_change_from_baseline",1,0,0.132690695632784,1.0000011461497,"< 2.22e-16",4118
"2021","2021-09-11","2021-12-20","Berlin","workplaces_percent_change_from_baseline + bl_mn_idx_t","residential_percent_change_from_baseline",0.0302250270826903,7.0415561096723e-09,0.256836006112618,1.0000011461497,"2.8126e-08",4118
"2021","2021-02-15","2021-05-25","Bavaria","workplaces_percent_change_from_baseline + bl_mn_idx_t","retail_and_recreation_percent_change_from_baseline",0.374909769399003,1.67227292183706e-116,2.13405487303935e-06,1.00005007671059,"< 2.22e-16",186
"2021","2021-02-15","2021-05-25","Bavaria","workplaces_percent_change_from_baseline + bl_mn_idx_t","grocery_and_pharmacy_percent_change_from_baseline",0.763262921929445,0,0.00124664989100479,1.00005007671059,"< 2.22e-16",186
"2021","2021-02-15","2021-05-25","Bavaria","workplaces_percent_change_from_baseline + bl_mn_idx_t","parks_percent_change_from_baseline",0.105625588498115,1.14144396109455e-27,0.0016569254501602,1.00005007671059,"< 2.22e-16",186
"2021","2021-02-15","2021-05-25","Bavaria","workplaces_percent_change_from_baseline + bl_mn_idx_t","transit_stations_percent_change_from_baseline",0.647518405845712,1.29031081475891e-259,2.76246536226038e-10,1.00005007671059,"< 2.22e-16",186
"2021","2021-02-15","2021-05-25","Bavaria","workplaces_percent_change_from_baseline + bl_mn_idx_t","workplaces_percent_change_from_baseline",1,0,0.818135230466915,1.00005007671059,"< 2.22e-16",186
"2021","2021-02-15","2021-05-25","Bavaria","workplaces_percent_change_from_baseline + bl_mn_idx_t","residential_percent_change_from_baseline",0.838722436761543,0,0.000786022729820037,1.00005007671059,"< 2.22e-16",186
"2021","2021-09-11","2021-12-20","Bavaria","workplaces_percent_change_from_baseline + bl_mn_idx_t","retail_and_recreation_percent_change_from_baseline",0.268373854270065,9.8687893992586e-79,0.205427490222422,1.00002663512188,"< 2.22e-16",186
"2021","2021-09-11","2021-12-20","Bavaria","workplaces_percent_change_from_baseline + bl_mn_idx_t","grocery_and_pharmacy_percent_change_from_baseline",0.741020521453648,0,0.838247563765473,1.00002663512188,"< 2.22e-16",186
"2021","2021-09-11","2021-12-20","Bavaria","workplaces_percent_change_from_baseline + bl_mn_idx_t","parks_percent_change_from_baseline",0.00229727190652482,0.296100719037819,0.216459701108271,1.00002663512188,"0.27174",186
"2021","2021-09-11","2021-12-20","Bavaria","workplaces_percent_change_from_baseline + bl_mn_idx_t","transit_stations_percent_change_from_baseline",0.154843239972041,4.21275112103061e-43,0.227588956533937,1.00002663512188,"< 2.22e-16",186
"2021","2021-09-11","2021-12-20","Bavaria","workplaces_percent_change_from_baseline + bl_mn_idx_t","workplaces_percent_change_from_baseline",1,0,0.130611295646257,1.00002663512188,"< 2.22e-16",186
"2021","2021-09-11","2021-12-20","Bavaria","workplaces_percent_change_from_baseline + bl_mn_idx_t","residential_percent_change_from_baseline",0.406935756846249,1.49029985247952e-130,0.233505502076449,1.00002663512188,"< 2.22e-16",186
"2021","2021-02-15","2021-05-25","Hamburg","workplaces_percent_change_from_baseline + bl_mn_idx_t","retail_and_recreation_percent_change_from_baseline",0.583572992592711,1.78617672650438e-219,2.49352469659368e-05,1.00009626812422,"< 2.22e-16",2446
"2021","2021-02-15","2021-05-25","Hamburg","workplaces_percent_change_from_baseline + bl_mn_idx_t","grocery_and_pharmacy_percent_change_from_baseline",0.829566026922708,0,0.0671837110344006,1.00009626812422,"< 2.22e-16",2446
"2021","2021-02-15","2021-05-25","Hamburg","workplaces_percent_change_from_baseline + bl_mn_idx_t","parks_percent_change_from_baseline",0.00602529113367257,0.0278807492549816,0.152009327225013,1.00009626812422,"0.031055",2446
"2021","2021-02-15","2021-05-25","Hamburg","workplaces_percent_change_from_baseline + bl_mn_idx_t","transit_stations_percent_change_from_baseline",0.70035621594234,7.77970662088047e-301,7.1020234409199e-10,1.00009626812422,"< 2.22e-16",2446
"2021","2021-02-15","2021-05-25","Hamburg","workplaces_percent_change_from_baseline + bl_mn_idx_t","workplaces_percent_change_from_baseline",1,0,0.852535504103452,1.00009626812422,"< 2.22e-16",2446
"2021","2021-02-15","2021-05-25","Hamburg","workplaces_percent_change_from_baseline + bl_mn_idx_t","residential_percent_change_from_baseline",0.755447412210098,0,2.94758334006616e-07,1.00009626812422,"< 2.22e-16",2446
"2021","2021-09-11","2021-12-20","Hamburg","workplaces_percent_change_from_baseline + bl_mn_idx_t","retail_and_recreation_percent_change_from_baseline",0.00623551358344074,0.00797219346604336,0.817841692943948,1.00005455247756,"0.028913",2446
"2021","2021-09-11","2021-12-20","Hamburg","workplaces_percent_change_from_baseline + bl_mn_idx_t","grocery_and_pharmacy_percent_change_from_baseline",0.289074410261564,5.80576659521146e-86,0.634512046745497,1.00005455247756,"< 2.22e-16",2446
"2021","2021-09-11","2021-12-20","Hamburg","workplaces_percent_change_from_baseline + bl_mn_idx_t","parks_percent_change_from_baseline",0.0551382700116182,1.80012163128954e-15,0.343301692968353,1.00005455247756,"1.112e-14",2446
"2021","2021-09-11","2021-12-20","Hamburg","workplaces_percent_change_from_baseline + bl_mn_idx_t","transit_stations_percent_change_from_baseline",0.101926172933835,3.17087985486123e-28,0.464318504000354,1.00005455247756,"< 2.22e-16",2446
"2021","2021-09-11","2021-12-20","Hamburg","workplaces_percent_change_from_baseline + bl_mn_idx_t","workplaces_percent_change_from_baseline",1,0,0.132727469739156,1.00005455247756,"< 2.22e-16",2446
"2021","2021-09-11","2021-12-20","Hamburg","workplaces_percent_change_from_baseline + bl_mn_idx_t","residential_percent_change_from_baseline",0.00599109668288918,0.0138853250580876,0.394396820207558,1.00005455247756,"0.033235",2446
"2021","2021-02-15","2021-05-25","Saarland","workplaces_percent_change_from_baseline + bl_mn_idx_t","retail_and_recreation_percent_change_from_baseline",0.388779625399643,1.16117441160171e-124,0.147924401197955,1.00001330853988,"< 2.22e-16",384
"2021","2021-02-15","2021-05-25","Saarland","workplaces_percent_change_from_baseline + bl_mn_idx_t","grocery_and_pharmacy_percent_change_from_baseline",0.735566102568602,0,0.0739762340973848,1.00001330853988,"< 2.22e-16",384
"2021","2021-02-15","2021-05-25","Saarland","workplaces_percent_change_from_baseline + bl_mn_idx_t","parks_percent_change_from_baseline",0.118480854998791,2.50942029146378e-33,0.651487937705255,1.00001330853988,"< 2.22e-16",384
"2021","2021-02-15","2021-05-25","Saarland","workplaces_percent_change_from_baseline + bl_mn_idx_t","transit_stations_percent_change_from_baseline",0.723772060833267,4.74303020007597e-321,5.43987752380317e-09,1.00001330853988,"< 2.22e-16",384
"2021","2021-02-15","2021-05-25","Saarland","workplaces_percent_change_from_baseline + bl_mn_idx_t","workplaces_percent_change_from_baseline",1,0,0.856903195439892,1.00001330853988,"< 2.22e-16",384
"2021","2021-02-15","2021-05-25","Saarland","workplaces_percent_change_from_baseline + bl_mn_idx_t","residential_percent_change_from_baseline",0.891663541565376,0,0.657136769555226,1.00001330853988,"< 2.22e-16",384
"2021","2021-09-11","2021-12-20","Saarland","workplaces_percent_change_from_baseline + bl_mn_idx_t","retail_and_recreation_percent_change_from_baseline",0.537960086787799,3.77615349801087e-192,0.470333633958616,1.00003117598265,"< 2.22e-16",384
"2021","2021-09-11","2021-12-20","Saarland","workplaces_percent_change_from_baseline + bl_mn_idx_t","grocery_and_pharmacy_percent_change_from_baseline",0.724644610242298,1.44296812524394e-319,0.844493188282825,1.00003117598265,"< 2.22e-16",384
"2021","2021-09-11","2021-12-20","Saarland","workplaces_percent_change_from_baseline + bl_mn_idx_t","parks_percent_change_from_baseline",0.0323502977201483,1.6053895928437e-09,0.369365406811744,1.00003117598265,"8.116e-09",384
"2021","2021-09-11","2021-12-20","Saarland","workplaces_percent_change_from_baseline + bl_mn_idx_t","transit_stations_percent_change_from_baseline",0.281369161322345,3.21014905269896e-83,0.27758575245484,1.00003117598265,"< 2.22e-16",384
"2021","2021-09-11","2021-12-20","Saarland","workplaces_percent_change_from_baseline + bl_mn_idx_t","workplaces_percent_change_from_baseline",1,0,0.133004206356542,1.00003117598265,"< 2.22e-16",384
"2021","2021-09-11","2021-12-20","Saarland","workplaces_percent_change_from_baseline + bl_mn_idx_t","residential_percent_change_from_baseline",0.542356783158797,1.77361109237057e-194,0.350119017498477,1.00003117598265,"< 2.22e-16",384
"2021","2021-02-15","2021-05-25","Schleswig-Holstein","workplaces_percent_change_from_baseline + bl_mn_idx_t","retail_and_recreation_percent_change_from_baseline",0.316371932053241,1.77993578365569e-85,1.95096391256335e-16,1.00027081026817,"< 2.22e-16",184
"2021","2021-02-15","2021-05-25","Schleswig-Holstein","workplaces_percent_change_from_baseline + bl_mn_idx_t","grocery_and_pharmacy_percent_change_from_baseline",0.72828689076118,0,0.000438182947578305,1.00027081026817,"< 2.22e-16",184
"2021","2021-02-15","2021-05-25","Schleswig-Holstein","workplaces_percent_change_from_baseline + bl_mn_idx_t","parks_percent_change_from_baseline",0.0927261950960466,4.32187687313135e-14,1.35476226504836e-14,1.00027081026817,"< 2.22e-16",184
"2021","2021-02-15","2021-05-25","Schleswig-Holstein","workplaces_percent_change_from_baseline + bl_mn_idx_t","transit_stations_percent_change_from_baseline",0.500912209241416,3.03385988921313e-166,1.53854741864783e-17,1.00027081026817,"< 2.22e-16",184
"2021","2021-02-15","2021-05-25","Schleswig-Holstein","workplaces_percent_change_from_baseline + bl_mn_idx_t","workplaces_percent_change_from_baseline",1,0,0.821581424917621,1.00027081026817,"< 2.22e-16",184
"2021","2021-02-15","2021-05-25","Schleswig-Holstein","workplaces_percent_change_from_baseline + bl_mn_idx_t","residential_percent_change_from_baseline",0.854431934404248,0,1.48935139370203e-07,1.00027081026817,"< 2.22e-16",184
"2021","2021-09-11","2021-12-20","Schleswig-Holstein","workplaces_percent_change_from_baseline + bl_mn_idx_t","retail_and_recreation_percent_change_from_baseline",0.0249084276183206,1.61951226534379e-07,0.279844346702682,1.00000181884499,"6.2262e-07",184
"2021","2021-09-11","2021-12-20","Schleswig-Holstein","workplaces_percent_change_from_baseline + bl_mn_idx_t","grocery_and_pharmacy_percent_change_from_baseline",0.201304964748083,2.69270452581213e-57,0.827717367606507,1.00000181884499,"< 2.22e-16",184
"2021","2021-09-11","2021-12-20","Schleswig-Holstein","workplaces_percent_change_from_baseline + bl_mn_idx_t","parks_percent_change_from_baseline",0.0645213415670879,7.07890624623769e-18,0.227079385727198,1.00000181884499,"< 2.22e-16",184
"2021","2021-09-11","2021-12-20","Schleswig-Holstein","workplaces_percent_change_from_baseline + bl_mn_idx_t","transit_stations_percent_change_from_baseline",0.105998166188871,3.82029689383029e-29,0.229690702309084,1.00000181884499,"< 2.22e-16",184
"2021","2021-09-11","2021-12-20","Schleswig-Holstein","workplaces_percent_change_from_baseline + bl_mn_idx_t","workplaces_percent_change_from_baseline",1,0,0.131940723527734,1.00000181884499,"< 2.22e-16",184
"2021","2021-09-11","2021-12-20","Schleswig-Holstein","workplaces_percent_change_from_baseline + bl_mn_idx_t","residential_percent_change_from_baseline",0.0170642741210725,1.76010340377725e-05,0.302139453906812,1.00000181884499,"5.8275e-05",184
"2021","2021-02-15","2021-05-25","Baden-Württemberg","workplaces_percent_change_from_baseline + bl_mn_idx_t","retail_and_recreation_percent_change_from_baseline",0.366230293686979,7.91971512036764e-114,1.25788772546031e-05,1.00037337720139,"< 2.22e-16",311
"2021","2021-02-15","2021-05-25","Baden-Württemberg","workplaces_percent_change_from_baseline + bl_mn_idx_t","grocery_and_pharmacy_percent_change_from_baseline",0.719834948318894,1.90906965553058e-319,0.00113563875902351,1.00037337720139,"< 2.22e-16",311
"2021","2021-02-15","2021-05-25","Baden-Württemberg","workplaces_percent_change_from_baseline + bl_mn_idx_t","parks_percent_change_from_baseline",0.231788438293503,7.4377372965389e-67,0.0401639345702814,1.00037337720139,"< 2.22e-16",311
"2021","2021-02-15","2021-05-25","Baden-Württemberg","workplaces_percent_change_from_baseline + bl_mn_idx_t","transit_stations_percent_change_from_baseline",0.641026297161741,7.64513480288478e-256,3.30178539302889e-09,1.00037337720139,"< 2.22e-16",311
"2021","2021-02-15","2021-05-25","Baden-Württemberg","workplaces_percent_change_from_baseline + bl_mn_idx_t","workplaces_percent_change_from_baseline",1,0,0.845104419869691,1.00037337720139,"< 2.22e-16",311
"2021","2021-02-15","2021-05-25","Baden-Württemberg","workplaces_percent_change_from_baseline + bl_mn_idx_t","residential_percent_change_from_baseline",0.853713279409866,0,0.013656954698844,1.00037337720139,"< 2.22e-16",311
"2021","2021-09-11","2021-12-20","Baden-Württemberg","workplaces_percent_change_from_baseline + bl_mn_idx_t","retail_and_recreation_percent_change_from_baseline",0.302355310658461,1.68731240343035e-90,0.239390784430946,1.00002221199948,"< 2.22e-16",311
"2021","2021-09-11","2021-12-20","Baden-Württemberg","workplaces_percent_change_from_baseline + bl_mn_idx_t","grocery_and_pharmacy_percent_change_from_baseline",0.743139426424068,0,0.931862493212036,1.00002221199948,"< 2.22e-16",311
"2021","2021-09-11","2021-12-20","Baden-Württemberg","workplaces_percent_change_from_baseline + bl_mn_idx_t","parks_percent_change_from_baseline",0.00460171807455167,0.0485662019609707,0.251251888056969,1.00002221199948,"0.073322",311
"2021","2021-09-11","2021-12-20","Baden-Württemberg","workplaces_percent_change_from_baseline + bl_mn_idx_t","transit_stations_percent_change_from_baseline",0.208736542560686,2.0854968218447e-59,0.239699036415893,1.00002221199948,"< 2.22e-16",311
"2021","2021-09-11","2021-12-20","Baden-Württemberg","workplaces_percent_change_from_baseline + bl_mn_idx_t","workplaces_percent_change_from_baseline",1,0,0.132152531733184,1.00002221199948,"< 2.22e-16",311
"2021","2021-09-11","2021-12-20","Baden-Württemberg","workplaces_percent_change_from_baseline + bl_mn_idx_t","residential_percent_change_from_baseline",0.402913209853801,6.67809516049213e-129,0.261871083144147,1.00002221199948,"< 2.22e-16",311
"2021","2021-02-15","2021-05-25","Brandenburg","workplaces_percent_change_from_baseline + bl_mn_idx_t","retail_and_recreation_percent_change_from_baseline",0.40494064900295,5.95848900573979e-127,7.64266836166891e-10,1.00004914381958,"< 2.22e-16",85
"2021","2021-02-15","2021-05-25","Brandenburg","workplaces_percent_change_from_baseline + bl_mn_idx_t","grocery_and_pharmacy_percent_change_from_baseline",0.661260458545273,5.7903694973628e-272,0.00833213317214186,1.00004914381958,"< 2.22e-16",85
"2021","2021-02-15","2021-05-25","Brandenburg","workplaces_percent_change_from_baseline + bl_mn_idx_t","parks_percent_change_from_baseline",0.154542671965929,1.42493102479687e-37,1.54765825679697e-08,1.00004914381958,"< 2.22e-16",85
"2021","2021-02-15","2021-05-25","Brandenburg","workplaces_percent_change_from_baseline + bl_mn_idx_t","transit_stations_percent_change_from_baseline",0.515274702367495,4.50015113253681e-177,4.93108391903438e-14,1.00004914381958,"< 2.22e-16",85
"2021","2021-02-15","2021-05-25","Brandenburg","workplaces_percent_change_from_baseline + bl_mn_idx_t","workplaces_percent_change_from_baseline",1,0,0.860078401712566,1.00004914381958,"< 2.22e-16",85
"2021","2021-02-15","2021-05-25","Brandenburg","workplaces_percent_change_from_baseline + bl_mn_idx_t","residential_percent_change_from_baseline",0.839689746780873,0,1.13640294963134e-07,1.00004914381958,"< 2.22e-16",85
"2021","2021-09-11","2021-12-20","Brandenburg","workplaces_percent_change_from_baseline + bl_mn_idx_t","retail_and_recreation_percent_change_from_baseline",0.032560472442192,1.34007872468708e-09,0.398990975505068,1.00002030772486,"7.1763e-09",85
"2021","2021-09-11","2021-12-20","Brandenburg","workplaces_percent_change_from_baseline + bl_mn_idx_t","grocery_and_pharmacy_percent_change_from_baseline",0.139399668870913,7.45968497809098e-39,0.795315511725323,1.00002030772486,"< 2.22e-16",85
"2021","2021-09-11","2021-12-20","Brandenburg","workplaces_percent_change_from_baseline + bl_mn_idx_t","parks_percent_change_from_baseline",0.0197506006021358,3.88481239380678e-06,0.264019276548818,1.00002030772486,"1.2364e-05",85
"2021","2021-09-11","2021-12-20","Brandenburg","workplaces_percent_change_from_baseline + bl_mn_idx_t","transit_stations_percent_change_from_baseline",0.417181480096928,8.48941047477608e-135,0.272998087332878,1.00002030772486,"< 2.22e-16",85
"2021","2021-09-11","2021-12-20","Brandenburg","workplaces_percent_change_from_baseline + bl_mn_idx_t","workplaces_percent_change_from_baseline",1,0,0.130982912876385,1.00002030772486,"< 2.22e-16",85
"2021","2021-09-11","2021-12-20","Brandenburg","workplaces_percent_change_from_baseline + bl_mn_idx_t","residential_percent_change_from_baseline",0.128886776619289,1.22229465148236e-35,0.311956966681237,1.00002030772486,"< 2.22e-16",85
"2021","2021-02-15","2021-05-25","Hessen","workplaces_percent_change_from_baseline + bl_mn_idx_t","retail_and_recreation_percent_change_from_baseline",0.481349357985045,3.29979711269034e-164,4.07597411161107e-06,1.00040219011376,"< 2.22e-16",298
"2021","2021-02-15","2021-05-25","Hessen","workplaces_percent_change_from_baseline + bl_mn_idx_t","grocery_and_pharmacy_percent_change_from_baseline",0.775234776423527,0,0.00145286674258226,1.00040219011376,"< 2.22e-16",298
"2021","2021-02-15","2021-05-25","Hessen","workplaces_percent_change_from_baseline + bl_mn_idx_t","parks_percent_change_from_baseline",0.121627964666623,4.72945466626826e-33,0.0243699870813146,1.00040219011376,"< 2.22e-16",298
"2021","2021-02-15","2021-05-25","Hessen","workplaces_percent_change_from_baseline + bl_mn_idx_t","transit_stations_percent_change_from_baseline",0.638256996973168,2.6203689205197e-253,3.61947436510081e-11,1.00040219011376,"< 2.22e-16",298
"2021","2021-02-15","2021-05-25","Hessen","workplaces_percent_change_from_baseline + bl_mn_idx_t","workplaces_percent_change_from_baseline",1,0,0.844545966503058,1.00040219011376,"< 2.22e-16",298
"2021","2021-02-15","2021-05-25","Hessen","workplaces_percent_change_from_baseline + bl_mn_idx_t","residential_percent_change_from_baseline",0.85981114054884,0,0.000116168696077851,1.00040219011376,"< 2.22e-16",298
"2021","2021-09-11","2021-12-20","Hessen","workplaces_percent_change_from_baseline + bl_mn_idx_t","retail_and_recreation_percent_change_from_baseline",0.0526474406324364,5.95386621716395e-15,0.511252568198804,1.00006496573831,"4.9413e-14",298
"2021","2021-09-11","2021-12-20","Hessen","workplaces_percent_change_from_baseline + bl_mn_idx_t","grocery_and_pharmacy_percent_change_from_baseline",0.268570008371598,6.19969052957774e-79,0.588245535699098,1.00006496573831,"< 2.22e-16",298
"2021","2021-09-11","2021-12-20","Hessen","workplaces_percent_change_from_baseline + bl_mn_idx_t","parks_percent_change_from_baseline",0.00468397447144429,0.0429046632799383,0.276051776446831,1.00006496573831,"0.069969",298
"2021","2021-09-11","2021-12-20","Hessen","workplaces_percent_change_from_baseline + bl_mn_idx_t","transit_stations_percent_change_from_baseline",0.0205267180193522,1.90459258695887e-06,0.346364365236861,1.00006496573831,"7.8941e-06",298
"2021","2021-09-11","2021-12-20","Hessen","workplaces_percent_change_from_baseline + bl_mn_idx_t","workplaces_percent_change_from_baseline",1,0,0.132854624867561,1.00006496573831,"< 2.22e-16",298
"2021","2021-09-11","2021-12-20","Hessen","workplaces_percent_change_from_baseline + bl_mn_idx_t","residential_percent_change_from_baseline",0.0090152297663262,0.00275850925621279,0.243305180355699,1.00006496573831,"0.0059149",298
"2021","2021-02-15","2021-05-25","Mecklenburg-Vorpommern","workplaces_percent_change_from_baseline + bl_mn_idx_t","retail_and_recreation_percent_change_from_baseline",0.497963643688287,1.14890126961031e-171,2.05435676437835e-06,1.00000085371932,"< 2.22e-16",69
"2021","2021-02-15","2021-05-25","Mecklenburg-Vorpommern","workplaces_percent_change_from_baseline + bl_mn_idx_t","grocery_and_pharmacy_percent_change_from_baseline",0.711053392251509,7.90380960644285e-312,0.0591574769537568,1.00000085371932,"< 2.22e-16",69
"2021","2021-02-15","2021-05-25","Mecklenburg-Vorpommern","workplaces_percent_change_from_baseline + bl_mn_idx_t","parks_percent_change_from_baseline",0.105769590612519,7.28311237459011e-25,7.76864563755597e-07,1.00000085371932,"< 2.22e-16",69
"2021","2021-02-15","2021-05-25","Mecklenburg-Vorpommern","workplaces_percent_change_from_baseline + bl_mn_idx_t","transit_stations_percent_change_from_baseline",0.412433206872788,1.48925455348465e-128,4.45643315658445e-12,1.00000085371932,"< 2.22e-16",69
"2021","2021-02-15","2021-05-25","Mecklenburg-Vorpommern","workplaces_percent_change_from_baseline + bl_mn_idx_t","workplaces_percent_change_from_baseline",1,0,0.843445270553241,1.00000085371932,"< 2.22e-16",69
"2021","2021-02-15","2021-05-25","Mecklenburg-Vorpommern","workplaces_percent_change_from_baseline + bl_mn_idx_t","residential_percent_change_from_baseline",0.83364135414512,0,0.000194995089958044,1.00000085371932,"< 2.22e-16",69
"2021","2021-09-11","2021-12-20","Mecklenburg-Vorpommern","workplaces_percent_change_from_baseline + bl_mn_idx_t","retail_and_recreation_percent_change_from_baseline",0.0499546127845386,5.4396170449553e-14,0.24135731770889,1.00008976102758,"2.467e-13",69
"2021","2021-09-11","2021-12-20","Mecklenburg-Vorpommern","workplaces_percent_change_from_baseline + bl_mn_idx_t","grocery_and_pharmacy_percent_change_from_baseline",0.153811297500263,7.88002656992107e-43,0.355955753137777,1.00008976102758,"< 2.22e-16",69
"2021","2021-09-11","2021-12-20","Mecklenburg-Vorpommern","workplaces_percent_change_from_baseline + bl_mn_idx_t","parks_percent_change_from_baseline",0.0489644728714924,9.59754343944728e-14,0.252349344024658,1.00008976102758,"4.451e-13",69
"2021","2021-09-11","2021-12-20","Mecklenburg-Vorpommern","workplaces_percent_change_from_baseline + bl_mn_idx_t","transit_stations_percent_change_from_baseline",0.135734682242848,1.69697789648861e-37,0.245542242213393,1.00008976102758,"< 2.22e-16",69
"2021","2021-09-11","2021-12-20","Mecklenburg-Vorpommern","workplaces_percent_change_from_baseline + bl_mn_idx_t","workplaces_percent_change_from_baseline",1,0,0.130222626657219,1.00008976102758,"< 2.22e-16",69
"2021","2021-09-11","2021-12-20","Mecklenburg-Vorpommern","workplaces_percent_change_from_baseline + bl_mn_idx_t","residential_percent_change_from_baseline",0.15036632284376,7.92655752089821e-42,0.358696025356709,1.00008976102758,"< 2.22e-16",69
"2021","2021-02-15","2021-05-25","Lower Saxony","workplaces_percent_change_from_baseline + bl_mn_idx_t","retail_and_recreation_percent_change_from_baseline",0.39616556138715,3.71449550263572e-122,9.82822085851893e-12,1.00007993651786,"< 2.22e-16",168
"2021","2021-02-15","2021-05-25","Lower Saxony","workplaces_percent_change_from_baseline + bl_mn_idx_t","grocery_and_pharmacy_percent_change_from_baseline",0.69708212453062,6.19180469178212e-300,0.00777407065664211,1.00007993651786,"< 2.22e-16",168
"2021","2021-02-15","2021-05-25","Lower Saxony","workplaces_percent_change_from_baseline + bl_mn_idx_t","parks_percent_change_from_baseline",0.161617134940217,1.60831148741198e-41,2.07819225065727e-06,1.00007993651786,"< 2.22e-16",168
"2021","2021-02-15","2021-05-25","Lower Saxony","workplaces_percent_change_from_baseline + bl_mn_idx_t","transit_stations_percent_change_from_baseline",0.516237634501366,4.18664002245887e-178,3.50442699530769e-13,1.00007993651786,"< 2.22e-16",168
"2021","2021-02-15","2021-05-25","Lower Saxony","workplaces_percent_change_from_baseline + bl_mn_idx_t","workplaces_percent_change_from_baseline",1,0,0.836775014333427,1.00007993651786,"< 2.22e-16",168
"2021","2021-02-15","2021-05-25","Lower Saxony","workplaces_percent_change_from_baseline + bl_mn_idx_t","residential_percent_change_from_baseline",0.828817617230739,0,1.93083231803119e-05,1.00007993651786,"< 2.22e-16",168
"2021","2021-09-11","2021-12-20","Lower Saxony","workplaces_percent_change_from_baseline + bl_mn_idx_t","retail_and_recreation_percent_change_from_baseline",0.0197352000198178,3.28607411667641e-06,0.356067431704609,1.00012208306246,"1.2475e-05",168
"2021","2021-09-11","2021-12-20","Lower Saxony","workplaces_percent_change_from_baseline + bl_mn_idx_t","grocery_and_pharmacy_percent_change_from_baseline",0.20211287601764,1.65017181778676e-57,0.738267734655552,1.00012208306246,"< 2.22e-16",168
"2021","2021-09-11","2021-12-20","Lower Saxony","workplaces_percent_change_from_baseline + bl_mn_idx_t","parks_percent_change_from_baseline",0.0707109710889691,1.54293962073078e-19,0.279824084135576,1.00012208306246,"< 2.22e-16",168
"2021","2021-09-11","2021-12-20","Lower Saxony","workplaces_percent_change_from_baseline + bl_mn_idx_t","transit_stations_percent_change_from_baseline",0.0400243505383649,1.69451085744235e-11,0.281552967523506,1.00012208306246,"8.921e-11",168
"2021","2021-09-11","2021-12-20","Lower Saxony","workplaces_percent_change_from_baseline + bl_mn_idx_t","workplaces_percent_change_from_baseline",1,0,0.133233668985542,1.00012208306246,"< 2.22e-16",168
"2021","2021-09-11","2021-12-20","Lower Saxony","workplaces_percent_change_from_baseline + bl_mn_idx_t","residential_percent_change_from_baseline",0.0252280661714845,1.14490426890676e-07,0.327742343783026,1.00012208306246,"5.1708e-07",168
"2021","2021-02-15","2021-05-25","North Rhine-Westphalia","workplaces_percent_change_from_baseline + bl_mn_idx_t","retail_and_recreation_percent_change_from_baseline",0.518843754880538,9.272244016121e-184,0.0004412960710635,1.00017679361651,"< 2.22e-16",526
"2021","2021-02-15","2021-05-25","North Rhine-Westphalia","workplaces_percent_change_from_baseline + bl_mn_idx_t","grocery_and_pharmacy_percent_change_from_baseline",0.739018454707406,0,0.0429031535923306,1.00017679361651,"< 2.22e-16",526
"2021","2021-02-15","2021-05-25","North Rhine-Westphalia","workplaces_percent_change_from_baseline + bl_mn_idx_t","parks_percent_change_from_baseline",0.0277623037642474,2.79309443186051e-08,0.244955012664921,1.00017679361651,"9.4466e-08",526
"2021","2021-02-15","2021-05-25","North Rhine-Westphalia","workplaces_percent_change_from_baseline + bl_mn_idx_t","transit_stations_percent_change_from_baseline",0.713042910844053,1.39168932504086e-312,4.91750737407745e-07,1.00017679361651,"< 2.22e-16",526
"2021","2021-02-15","2021-05-25","North Rhine-Westphalia","workplaces_percent_change_from_baseline + bl_mn_idx_t","workplaces_percent_change_from_baseline",1,0,0.818264418088285,1.00017679361651,"< 2.22e-16",526
"2021","2021-02-15","2021-05-25","North Rhine-Westphalia","workplaces_percent_change_from_baseline + bl_mn_idx_t","residential_percent_change_from_baseline",0.840940681819809,0,0.117022088955653,1.00017679361651,"< 2.22e-16",526
"2021","2021-09-11","2021-12-20","North Rhine-Westphalia","workplaces_percent_change_from_baseline + bl_mn_idx_t","retail_and_recreation_percent_change_from_baseline",0.667099699621049,7.15454981464823e-273,0.788422788860189,1.0000089065967,"< 2.22e-16",526
"2021","2021-09-11","2021-12-20","North Rhine-Westphalia","workplaces_percent_change_from_baseline + bl_mn_idx_t","grocery_and_pharmacy_percent_change_from_baseline",0.780775183493183,0,0.686969118416635,1.0000089065967,"< 2.22e-16",526
"2021","2021-09-11","2021-12-20","North Rhine-Westphalia","workplaces_percent_change_from_baseline + bl_mn_idx_t","parks_percent_change_from_baseline",0.0669285774213162,1.23019586466423e-18,0.367946126671569,1.0000089065967,"< 2.22e-16",526
"2021","2021-09-11","2021-12-20","North Rhine-Westphalia","workplaces_percent_change_from_baseline + bl_mn_idx_t","transit_stations_percent_change_from_baseline",0.49682796281418,4.40053640708594e-171,0.302721141097491,1.0000089065967,"< 2.22e-16",526
"2021","2021-09-11","2021-12-20","North Rhine-Westphalia","workplaces_percent_change_from_baseline + bl_mn_idx_t","workplaces_percent_change_from_baseline",1,0,0.133295401827097,1.0000089065967,"< 2.22e-16",526
"2021","2021-09-11","2021-12-20","North Rhine-Westphalia","workplaces_percent_change_from_baseline + bl_mn_idx_t","residential_percent_change_from_baseline",0.527420780398554,1.55959346296341e-186,0.297985084363994,1.0000089065967,"< 2.22e-16",526
"2021","2021-02-15","2021-05-25","Rhineland-Palatinate","workplaces_percent_change_from_baseline + bl_mn_idx_t","retail_and_recreation_percent_change_from_baseline",0.390540743362962,1.78532528094509e-123,7.51214647593174e-05,1.00001843041639,"< 2.22e-16",206
"2021","2021-02-15","2021-05-25","Rhineland-Palatinate","workplaces_percent_change_from_baseline + bl_mn_idx_t","grocery_and_pharmacy_percent_change_from_baseline",0.735635569020346,0,0.0791952965296897,1.00001843041639,"< 2.22e-16",206
"2021","2021-02-15","2021-05-25","Rhineland-Palatinate","workplaces_percent_change_from_baseline + bl_mn_idx_t","parks_percent_change_from_baseline",0.18391984066055,1.77239255204526e-51,0.00737747428192087,1.00001843041639,"< 2.22e-16",206
"2021","2021-02-15","2021-05-25","Rhineland-Palatinate","workplaces_percent_change_from_baseline + bl_mn_idx_t","transit_stations_percent_change_from_baseline",0.509031829127139,7.9128583660234e-175,7.23808124139827e-11,1.00001843041639,"< 2.22e-16",206
"2021","2021-02-15","2021-05-25","Rhineland-Palatinate","workplaces_percent_change_from_baseline + bl_mn_idx_t","workplaces_percent_change_from_baseline",1,0,0.851737777892197,1.00001843041639,"< 2.22e-16",206
"2021","2021-02-15","2021-05-25","Rhineland-Palatinate","workplaces_percent_change_from_baseline + bl_mn_idx_t","residential_percent_change_from_baseline",0.871918171696948,0,0.0397703176066863,1.00001843041639,"< 2.22e-16",206
"2021","2021-09-11","2021-12-20","Rhineland-Palatinate","workplaces_percent_change_from_baseline + bl_mn_idx_t","retail_and_recreation_percent_change_from_baseline",0.38687419055758,2.09871697383142e-122,0.340750819094846,1.00001696820335,"< 2.22e-16",206
"2021","2021-09-11","2021-12-20","Rhineland-Palatinate","workplaces_percent_change_from_baseline + bl_mn_idx_t","grocery_and_pharmacy_percent_change_from_baseline",0.763145576642327,0,0.835110951466046,1.00001696820335,"< 2.22e-16",206
"2021","2021-09-11","2021-12-20","Rhineland-Palatinate","workplaces_percent_change_from_baseline + bl_mn_idx_t","parks_percent_change_from_baseline",0.0561928077594782,1.10890855848018e-15,0.260286714636619,1.00001696820335,"5.9072e-15",206
"2021","2021-09-11","2021-12-20","Rhineland-Palatinate","workplaces_percent_change_from_baseline + bl_mn_idx_t","transit_stations_percent_change_from_baseline",0.133681933550546,5.07009740003414e-37,0.277614883187149,1.00001696820335,"< 2.22e-16",206
"2021","2021-09-11","2021-12-20","Rhineland-Palatinate","workplaces_percent_change_from_baseline + bl_mn_idx_t","workplaces_percent_change_from_baseline",1,0,0.132814933108222,1.00001696820335,"< 2.22e-16",206
"2021","2021-09-11","2021-12-20","Rhineland-Palatinate","workplaces_percent_change_from_baseline + bl_mn_idx_t","residential_percent_change_from_baseline",0.492727520674921,4.30171622907339e-169,0.307084492278486,1.00001696820335,"< 2.22e-16",206
"2021","2021-02-15","2021-05-25","Saxony-Anhalt","workplaces_percent_change_from_baseline + bl_mn_idx_t","retail_and_recreation_percent_change_from_baseline",0.428877123823704,4.11176101468853e-140,5.89731800388972e-07,1.0017197011386,"< 2.22e-16",107
"2021","2021-02-15","2021-05-25","Saxony-Anhalt","workplaces_percent_change_from_baseline + bl_mn_idx_t","grocery_and_pharmacy_percent_change_from_baseline",0.697691096075173,1.38854035861361e-300,0.000180074144448527,1.0017197011386,"< 2.22e-16",107
"2021","2021-02-15","2021-05-25","Saxony-Anhalt","workplaces_percent_change_from_baseline + bl_mn_idx_t","parks_percent_change_from_baseline",0.143945549312185,3.79478021947704e-34,9.96583610215261e-08,1.0017197011386,"< 2.22e-16",107
"2021","2021-02-15","2021-05-25","Saxony-Anhalt","workplaces_percent_change_from_baseline + bl_mn_idx_t","transit_stations_percent_change_from_baseline",0.638005188562135,4.8692485565034e-254,8.60106359010738e-11,1.0017197011386,"< 2.22e-16",107
"2021","2021-02-15","2021-05-25","Saxony-Anhalt","workplaces_percent_change_from_baseline + bl_mn_idx_t","workplaces_percent_change_from_baseline",1,0,0.846071218436461,1.0017197011386,"< 2.22e-16",107
"2021","2021-02-15","2021-05-25","Saxony-Anhalt","workplaces_percent_change_from_baseline + bl_mn_idx_t","residential_percent_change_from_baseline",0.827898846503435,0,2.14226742460132e-06,1.0017197011386,"< 2.22e-16",107
"2021","2021-09-11","2021-12-20","Saxony-Anhalt","workplaces_percent_change_from_baseline + bl_mn_idx_t","retail_and_recreation_percent_change_from_baseline",0.0255349568798759,9.35018304626235e-08,0.35470943070489,1.00002250962066,"4.326e-07",107
"2021","2021-09-11","2021-12-20","Saxony-Anhalt","workplaces_percent_change_from_baseline + bl_mn_idx_t","grocery_and_pharmacy_percent_change_from_baseline",0.00513513140402965,0.0168553034984055,0.720799652571674,1.00002250962066,"0.05412",107
"2021","2021-09-11","2021-12-20","Saxony-Anhalt","workplaces_percent_change_from_baseline + bl_mn_idx_t","parks_percent_change_from_baseline",0.00303256091913987,0.119927633918341,0.308178161826737,1.00002250962066,"0.17897",107
"2021","2021-09-11","2021-12-20","Saxony-Anhalt","workplaces_percent_change_from_baseline + bl_mn_idx_t","transit_stations_percent_change_from_baseline",0.111001476039383,1.28321746431747e-30,0.329769345501844,1.00002250962066,"< 2.22e-16",107
"2021","2021-09-11","2021-12-20","Saxony-Anhalt","workplaces_percent_change_from_baseline + bl_mn_idx_t","workplaces_percent_change_from_baseline",1,0,0.130610923497921,1.00002250962066,"< 2.22e-16",107
"2021","2021-09-11","2021-12-20","Saxony-Anhalt","workplaces_percent_change_from_baseline + bl_mn_idx_t","residential_percent_change_from_baseline",0.0950749605690215,3.69300865268965e-26,0.270267894817302,1.00002250962066,"< 2.22e-16",107
"2021","2021-02-15","2021-05-25","Saxony","workplaces_percent_change_from_baseline + bl_mn_idx_t","retail_and_recreation_percent_change_from_baseline",0.485605728494566,1.64859652598366e-164,3.29443243651701e-09,1.00011550947145,"< 2.22e-16",221
"2021","2021-02-15","2021-05-25","Saxony","workplaces_percent_change_from_baseline + bl_mn_idx_t","grocery_and_pharmacy_percent_change_from_baseline",0.701215828320878,1.85722925883136e-303,0.0153057771848945,1.00011550947145,"< 2.22e-16",221
"2021","2021-02-15","2021-05-25","Saxony","workplaces_percent_change_from_baseline + bl_mn_idx_t","parks_percent_change_from_baseline",0.0641833080183484,9.22675731457206e-13,4.34412475064582e-07,1.00011550947145,"< 2.22e-16",221
"2021","2021-02-15","2021-05-25","Saxony","workplaces_percent_change_from_baseline + bl_mn_idx_t","transit_stations_percent_change_from_baseline",0.573588721984089,2.20764486704547e-210,3.37573907627865e-13,1.00011550947145,"< 2.22e-16",221
"2021","2021-02-15","2021-05-25","Saxony","workplaces_percent_change_from_baseline + bl_mn_idx_t","workplaces_percent_change_from_baseline",1,0,0.843232118886723,1.00011550947145,"< 2.22e-16",221
"2021","2021-02-15","2021-05-25","Saxony","workplaces_percent_change_from_baseline + bl_mn_idx_t","residential_percent_change_from_baseline",0.811657663143463,0,1.95833189453631e-06,1.00011550947145,"< 2.22e-16",221
"2021","2021-09-11","2021-12-20","Saxony","workplaces_percent_change_from_baseline + bl_mn_idx_t","retail_and_recreation_percent_change_from_baseline",0.402449068643349,1.12405015647206e-128,0.363787626111348,1.00005782433374,"< 2.22e-16",221
"2021","2021-09-11","2021-12-20","Saxony","workplaces_percent_change_from_baseline + bl_mn_idx_t","grocery_and_pharmacy_percent_change_from_baseline",0.621797355856914,1.81559997768754e-241,0.691774791084572,1.00005782433374,"< 2.22e-16",221
"2021","2021-09-11","2021-12-20","Saxony","workplaces_percent_change_from_baseline + bl_mn_idx_t","parks_percent_change_from_baseline",0.00701458382730731,0.0104524026534619,0.240457203731364,1.00005782433374,"0.018541",221
"2021","2021-09-11","2021-12-20","Saxony","workplaces_percent_change_from_baseline + bl_mn_idx_t","transit_stations_percent_change_from_baseline",0.3714250084666,4.22661472204959e-116,0.229563730608908,1.00005782433374,"< 2.22e-16",221
"2021","2021-09-11","2021-12-20","Saxony","workplaces_percent_change_from_baseline + bl_mn_idx_t","workplaces_percent_change_from_baseline",1,0,0.130712895972772,1.00005782433374,"< 2.22e-16",221
"2021","2021-09-11","2021-12-20","Saxony","workplaces_percent_change_from_baseline + bl_mn_idx_t","residential_percent_change_from_baseline",0.461189699069348,3.93495629423046e-154,0.293633838740035,1.00005782433374,"< 2.22e-16",221
"2021","2021-02-15","2021-05-25","Thuringia","workplaces_percent_change_from_baseline + bl_mn_idx_t","retail_and_recreation_percent_change_from_baseline",0.447022897511277,5.97367287797481e-146,1.45342979706831e-09,1.0001159639402,"< 2.22e-16",132
"2021","2021-02-15","2021-05-25","Thuringia","workplaces_percent_change_from_baseline + bl_mn_idx_t","grocery_and_pharmacy_percent_change_from_baseline",0.697737059425603,1.9863077515452e-300,0.00359211307979657,1.0001159639402,"< 2.22e-16",132
"2021","2021-02-15","2021-05-25","Thuringia","workplaces_percent_change_from_baseline + bl_mn_idx_t","parks_percent_change_from_baseline",0.143316750317021,4.494784420163e-34,1.511341425374e-08,1.0001159639402,"< 2.22e-16",132
"2021","2021-02-15","2021-05-25","Thuringia","workplaces_percent_change_from_baseline + bl_mn_idx_t","transit_stations_percent_change_from_baseline",0.532043040619378,8.57321859928502e-188,8.93899848131152e-11,1.0001159639402,"< 2.22e-16",132
"2021","2021-02-15","2021-05-25","Thuringia","workplaces_percent_change_from_baseline + bl_mn_idx_t","workplaces_percent_change_from_baseline",1,0,0.784342622355463,1.0001159639402,"< 2.22e-16",132
"2021","2021-02-15","2021-05-25","Thuringia","workplaces_percent_change_from_baseline + bl_mn_idx_t","residential_percent_change_from_baseline",0.819860677999353,0,3.51494647431969e-07,1.0001159639402,"< 2.22e-16",132
"2021","2021-09-11","2021-12-20","Thuringia","workplaces_percent_change_from_baseline + bl_mn_idx_t","retail_and_recreation_percent_change_from_baseline",0.369903433956164,1.17627019631324e-115,0.343490784213198,1.00000104647404,"< 2.22e-16",132
"2021","2021-09-11","2021-12-20","Thuringia","workplaces_percent_change_from_baseline + bl_mn_idx_t","grocery_and_pharmacy_percent_change_from_baseline",0.68947198297659,5.47829412577668e-290,0.76546533111442,1.00000104647404,"< 2.22e-16",132
"2021","2021-09-11","2021-12-20","Thuringia","workplaces_percent_change_from_baseline + bl_mn_idx_t","parks_percent_change_from_baseline",0.0303353064901915,6.15476558494215e-09,0.28945946252153,1.00000104647404,"2.6371e-08",132
"2021","2021-09-11","2021-12-20","Thuringia","workplaces_percent_change_from_baseline + bl_mn_idx_t","transit_stations_percent_change_from_baseline",0.228991454470715,8.81281354343107e-66,0.232239505522111,1.00000104647404,"< 2.22e-16",132
"2021","2021-09-11","2021-12-20","Thuringia","workplaces_percent_change_from_baseline + bl_mn_idx_t","workplaces_percent_change_from_baseline",1,0,0.132148509908773,1.00000104647404,"< 2.22e-16",132
"2021","2021-09-11","2021-12-20","Thuringia","workplaces_percent_change_from_baseline + bl_mn_idx_t","residential_percent_change_from_baseline",0.368958223197832,2.91273976067858e-115,0.29900655467353,1.00000104647404,"< 2.22e-16",132
"2021","2021-02-15","2021-05-25","Bremen","workplaces_percent_change_from_baseline + bl_mn_idx_t","retail_and_recreation_percent_change_from_baseline",0.51202329385847,3.01491835846697e-178,1.31096681238361e-09,1.00059249588607,"< 2.22e-16",1624
"2021","2021-02-15","2021-05-25","Bremen","workplaces_percent_change_from_baseline + bl_mn_idx_t","grocery_and_pharmacy_percent_change_from_baseline",0.678181624534485,6.59363226454534e-285,0.00232762236056735,1.00059249588607,"< 2.22e-16",1624
"2021","2021-02-15","2021-05-25","Bremen","workplaces_percent_change_from_baseline + bl_mn_idx_t","parks_percent_change_from_baseline",0.053189576831326,4.027219507723e-14,0.0248714303683035,1.00059249588607,"2.3073e-14",1624
"2021","2021-02-15","2021-05-25","Bremen","workplaces_percent_change_from_baseline + bl_mn_idx_t","transit_stations_percent_change_from_baseline",0.715099944753161,1.15611015083273e-314,3.81381989965716e-07,1.00059249588607,"< 2.22e-16",1624
"2021","2021-02-15","2021-05-25","Bremen","workplaces_percent_change_from_baseline + bl_mn_idx_t","workplaces_percent_change_from_baseline",1,0,0.852138498644058,1.00059249588607,"< 2.22e-16",1624
"2021","2021-02-15","2021-05-25","Bremen","workplaces_percent_change_from_baseline + bl_mn_idx_t","residential_percent_change_from_baseline",0.798238828350384,0,0.0332191483656782,1.00059249588607,"< 2.22e-16",1624
"2021","2021-09-11","2021-12-20","Bremen","workplaces_percent_change_from_baseline + bl_mn_idx_t","retail_and_recreation_percent_change_from_baseline",0.00568894600494215,0.0110275346753866,0.956658897342212,1.00022700420289,"0.039479",1624
"2021","2021-09-11","2021-12-20","Bremen","workplaces_percent_change_from_baseline + bl_mn_idx_t","grocery_and_pharmacy_percent_change_from_baseline",0.221878757204347,1.16449626342045e-63,0.654321483450793,1.00022700420289,"< 2.22e-16",1624
"2021","2021-09-11","2021-12-20","Bremen","workplaces_percent_change_from_baseline + bl_mn_idx_t","parks_percent_change_from_baseline",0.000880986149636319,0.41417903958704,0.556489208616085,1.00022700420289,"0.60696",1624
"2021","2021-09-11","2021-12-20","Bremen","workplaces_percent_change_from_baseline + bl_mn_idx_t","transit_stations_percent_change_from_baseline",0.098065529573444,3.33830897994794e-27,0.771350862371934,1.00022700420289,"< 2.22e-16",1624
"2021","2021-09-11","2021-12-20","Bremen","workplaces_percent_change_from_baseline + bl_mn_idx_t","workplaces_percent_change_from_baseline",1,0,0.133500735041989,1.00022700420289,"< 2.22e-16",1624
"2021","2021-09-11","2021-12-20","Bremen","workplaces_percent_change_from_baseline + bl_mn_idx_t","residential_percent_change_from_baseline",0.00510269590909087,0.0246867466850749,0.367861907006344,1.00022700420289,"0.055129",1624
